{
"type": "FeatureCollection",
"name": "c_0.0004",
"crs": { "type": "name", "properties": { "name": "urn:ogc:def:crs:OGC:1.3:CRS84" } },
"features": [
{ "type": "Feature", "properties": { "Comuna": "San Joaquín" }, "geometry": { "type": "Polygon", "coordinates": [ [ [ -70.624578830493988, -33.469956707249494 ], [ -70.619896380041823, -33.486085881778195 ], [ -70.618487535113758, -33.487526247073163 ], [ -70.613746544149464, -33.508261449353597 ], [ -70.611562757660067, -33.510388274748024 ], [ -70.6112656371849, -33.5130587044804 ], [ -70.615015797170585, -33.513107534924664 ], [ -70.619925666916728, -33.514328387436436 ], [ -70.627252479087602, -33.517704336912018 ], [ -70.636586980104397, -33.518727590676008 ], [ -70.638606797104984, -33.50730094533661 ], [ -70.641946989351197, -33.476882267035343 ], [ -70.637430183745835, -33.475849421291493 ], [ -70.62790693860299, -33.472357999518756 ], [ -70.624578830493988, -33.469956707249494 ] ] ] } },
{ "type": "Feature", "properties": { "Comuna": "San Miguel" }, "geometry": { "type": "Polygon", "coordinates": [ [ [ -70.636594892465425, -33.51872853582605 ], [ -70.658070691384054, -33.514704997868833 ], [ -70.671234720338532, -33.510698487047463 ], [ -70.655067341318244, -33.476724743157369 ], [ -70.641946989351197, -33.476882267035343 ], [ -70.638606797104984, -33.50730094533661 ], [ -70.636594892465425, -33.51872853582605 ] ] ] } },
{ "type": "Feature", "properties": { "Comuna": "San Ramón" }, "geometry": { "type": "Polygon", "coordinates": [ [ [ -70.636594892465425, -33.51872853582605 ], [ -70.634102121450908, -33.542665614487113 ], [ -70.631019720538404, -33.558066473530893 ], [ -70.654708282902533, -33.555000028028061 ], [ -70.651107558562671, -33.539786922925693 ], [ -70.64462137635995, -33.517366664310849 ], [ -70.636594892465425, -33.51872853582605 ] ] ] } },
{ "type": "Feature", "properties": { "Comuna": "Independencia" }, "geometry": { "type": "Polygon", "coordinates": [ [ [ -70.658166591032199, -33.39914240465658 ], [ -70.657211499527179, -33.405254003309629 ], [ -70.653105736944696, -33.406478598994013 ], [ -70.653558403406265, -33.409303455154756 ], [ -70.652911435840323, -33.417470382527526 ], [ -70.650112706724883, -33.417699691576878 ], [ -70.651605828897956, -33.432150896274059 ], [ -70.661276657360517, -33.429937259400226 ], [ -70.671386670368818, -33.426515008227476 ], [ -70.671182731239767, -33.42595104849611 ], [ -70.677127656025931, -33.42001238860496 ], [ -70.678701991290581, -33.417330762580917 ], [ -70.680598789402907, -33.405419006874389 ], [ -70.681933723644349, -33.403017783438308 ], [ -70.67217675213594, -33.399716068223512 ], [ -70.671901538875616, -33.400287897365232 ], [ -70.667075350791464, -33.400136384754106 ], [ -70.666704432817383, -33.398954743962825 ], [ -70.658166591032199, -33.39914240465658 ] ] ] } },
{ "type": "Feature", "properties": { "Comuna": "La Cisterna" }, "geometry": { "type": "Polygon", "coordinates": [ [ [ -70.64462137635995, -33.517366664310849 ], [ -70.653197461223414, -33.54879198992154 ], [ -70.666665410001443, -33.54636996473571 ], [ -70.685764321475517, -33.538974614492595 ], [ -70.6770236059632, -33.52314691235707 ], [ -70.671234720338532, -33.510698487047463 ], [ -70.658070691384054, -33.514704997868833 ], [ -70.64462137635995, -33.517366664310849 ] ] ] } },
{ "type": "Feature", "properties": { "Comuna": "Peñalolén" }, "geometry": { "type": "Polygon", "coordinates": [ [ [ -70.590003282469354, -33.510157188452077 ], [ -70.589534100481302, -33.5060902674998 ], [ -70.587262181177707, -33.500310805018394 ], [ -70.580775110541168, -33.489989227527886 ], [ -70.576819552562384, -33.4702656931101 ], [ -70.572250306005699, -33.459013801723763 ], [ -70.56204004999482, -33.462522070630328 ], [ -70.550898820447671, -33.462639064215232 ], [ -70.544170793804156, -33.463658660524054 ], [ -70.542268462967996, -33.462868875928599 ], [ -70.540054648493609, -33.462994736094025 ], [ -70.531246061668327, -33.46543948287831 ], [ -70.529549220453433, -33.459141708976368 ], [ -70.486946763631124, -33.461752400692248 ], [ -70.48579304114206, -33.463859910465068 ], [ -70.483543868978074, -33.465001547979021 ], [ -70.478802695655787, -33.469123361335591 ], [ -70.475044990720022, -33.473593976286516 ], [ -70.47198560105187, -33.475433534093412 ], [ -70.461120615132685, -33.476053856670923 ], [ -70.452112369650635, -33.482454232022874 ], [ -70.445862696794237, -33.48541232414771 ], [ -70.439152935595388, -33.486605138610365 ], [ -70.439046554404484, -33.488419758225675 ], [ -70.437939448190463, -33.490157560393037 ], [ -70.437901494369711, -33.492155344372094 ], [ -70.444585270002335, -33.492678754091585 ], [ -70.450781996155882, -33.495837844962061 ], [ -70.456026278139575, -33.495663581041214 ], [ -70.46199993284516, -33.493526596447666 ], [ -70.463101918662062, -33.492386333395054 ], [ -70.46672996705793, -33.492118028691692 ], [ -70.469517018074683, -33.495166072704833 ], [ -70.476785295123321, -33.495342731105971 ], [ -70.484350238099609, -33.499761321267144 ], [ -70.485682763059472, -33.501624021944615 ], [ -70.488955566388, -33.501547195688374 ], [ -70.489883109258216, -33.500709335546745 ], [ -70.491727981153844, -33.501062883305046 ], [ -70.493675785607962, -33.499574020485973 ], [ -70.496541090665772, -33.499276429576923 ], [ -70.499206235806881, -33.497778813376833 ], [ -70.502289071503981, -33.499695344748815 ], [ -70.5160071103588, -33.501932980246629 ], [ -70.52464021219167, -33.508289853718793 ], [ -70.528503448512041, -33.508617987052276 ], [ -70.541708093893774, -33.512531356995034 ], [ -70.590003282469354, -33.510157188452077 ] ] ] } },
{ "type": "Feature", "properties": { "Comuna": "Providencia" }, "geometry": { "type": "Polygon", "coordinates": [ [ [ -70.602567802752688, -33.417372898723968 ], [ -70.58224166144646, -33.433775502163321 ], [ -70.587000786701395, -33.439208199027185 ], [ -70.592792666410915, -33.447771845936067 ], [ -70.599183100780763, -33.444679125668664 ], [ -70.608765304152328, -33.445744295148806 ], [ -70.613890790227899, -33.44683327756632 ], [ -70.613744319022501, -33.447565690352008 ], [ -70.618432455810421, -33.448377147848035 ], [ -70.618764670768783, -33.447265749333546 ], [ -70.631526591344226, -33.449836012409627 ], [ -70.635380803189264, -33.436424116498543 ], [ -70.6362427447892, -33.430767294941752 ], [ -70.632347401782255, -33.421598535806559 ], [ -70.630323678008509, -33.42002244545484 ], [ -70.627113690274513, -33.419437523692139 ], [ -70.622401345686313, -33.416259180565483 ], [ -70.616764882605793, -33.410270621461997 ], [ -70.614542357168091, -33.409165537048175 ], [ -70.605869689038542, -33.409278193318649 ], [ -70.607872985122739, -33.415484036576011 ], [ -70.604668843624609, -33.417057164329798 ], [ -70.602567802752688, -33.417372898723968 ] ] ] } },
{ "type": "Feature", "properties": { "Comuna": "La Reina" }, "geometry": { "type": "Polygon", "coordinates": [ [ [ -70.486946763631124, -33.461752400692248 ], [ -70.529549220453433, -33.459141708976368 ], [ -70.531246061668327, -33.46543948287831 ], [ -70.540054648493609, -33.462994736094025 ], [ -70.542268462967996, -33.462868875928599 ], [ -70.544170793804156, -33.463658660524054 ], [ -70.550898820447671, -33.462639064215232 ], [ -70.56204004999482, -33.462522070630328 ], [ -70.572257560799954, -33.459011019776959 ], [ -70.570810662338118, -33.453509013206514 ], [ -70.573607999963187, -33.437935975470758 ], [ -70.581806278570966, -33.434054604976851 ], [ -70.584437580582076, -33.431783573782049 ], [ -70.554075221969811, -33.430428130348133 ], [ -70.539081268187729, -33.42892544293759 ], [ -70.537933852770266, -33.433433015552374 ], [ -70.523028502519594, -33.431611603270326 ], [ -70.515024922071547, -33.435377506397174 ], [ -70.509478197094637, -33.435707353011978 ], [ -70.502897172560836, -33.439557520323156 ], [ -70.500495675769088, -33.443160018037013 ], [ -70.496215450476953, -33.446686823949364 ], [ -70.496357395969952, -33.450389730610091 ], [ -70.489682532523247, -33.45571557622695 ], [ -70.486946763631124, -33.461752400692248 ] ] ] } },
{ "type": "Feature", "properties": { "Comuna": "Calera de Tango" }, "geometry": { "type": "Polygon", "coordinates": [ [ [ -70.802464791513827, -33.668411890427215 ], [ -70.802994837057327, -33.666335202954329 ], [ -70.808115317720137, -33.660229484879615 ], [ -70.808152710992147, -33.658212580538347 ], [ -70.810975143953002, -33.65294763251736 ], [ -70.811667084775337, -33.644569471729788 ], [ -70.815204373683073, -33.642792865495331 ], [ -70.818450744982712, -33.642376154788565 ], [ -70.836348102272098, -33.662455654711536 ], [ -70.867144694814598, -33.650613235653914 ], [ -70.866354466622099, -33.649519530452402 ], [ -70.861566932146303, -33.647110371877417 ], [ -70.84952069935774, -33.63620830405236 ], [ -70.845712465085569, -33.633907953861296 ], [ -70.843681544009769, -33.631654712526711 ], [ -70.843365648745163, -33.629909604469447 ], [ -70.840957020228373, -33.628386635189287 ], [ -70.835161907482131, -33.621262150065569 ], [ -70.825325097304543, -33.610796570218561 ], [ -70.820239432647185, -33.600263860998282 ], [ -70.816823904986308, -33.595857378138135 ], [ -70.81417874825857, -33.59353897595004 ], [ -70.811109513054888, -33.596199072718832 ], [ -70.808592486629379, -33.593694433626695 ], [ -70.805821529829259, -33.587390471385362 ], [ -70.798069358184819, -33.57333229058824 ], [ -70.788667388300297, -33.578293567361584 ], [ -70.778843004518023, -33.569153435509264 ], [ -70.766739235533834, -33.572199816552775 ], [ -70.763488879307616, -33.574640304652966 ], [ -70.761717274006557, -33.574076171488876 ], [ -70.758354401994353, -33.574234523309812 ], [ -70.752783197027654, -33.579433295812116 ], [ -70.753100069659268, -33.58204388952187 ], [ -70.750838737899613, -33.584470111678655 ], [ -70.750169714896813, -33.586210678345772 ], [ -70.746065111141064, -33.589988777281562 ], [ -70.743484589096326, -33.595000918642278 ], [ -70.745894508492199, -33.597160481222339 ], [ -70.753332139531466, -33.601290120614578 ], [ -70.754357832329617, -33.603593084942034 ], [ -70.752063745299736, -33.60698207997774 ], [ -70.751286300133728, -33.609291909880582 ], [ -70.748383952146881, -33.612505430849033 ], [ -70.746727013198594, -33.617540399405648 ], [ -70.749066051026958, -33.619070586947025 ], [ -70.756791242670147, -33.620616220670435 ], [ -70.756912345451923, -33.621166264575763 ], [ -70.754593691295668, -33.623360077558203 ], [ -70.752549108641006, -33.626883463032492 ], [ -70.748363857732301, -33.629195580191563 ], [ -70.746286789302033, -33.63248928206481 ], [ -70.743743179032322, -33.63445625325717 ], [ -70.737989834353556, -33.64492817866681 ], [ -70.735598455286848, -33.646413995251294 ], [ -70.737887497378068, -33.656425552797963 ], [ -70.74177862459139, -33.663237197296951 ], [ -70.74915734950423, -33.664425945030509 ], [ -70.751775776860697, -33.663307270281592 ], [ -70.757196815851245, -33.662908583015614 ], [ -70.782955743417006, -33.653182683517997 ], [ -70.784054900439074, -33.653341901047142 ], [ -70.787281211460098, -33.656934278681 ], [ -70.792532904544871, -33.660163221928265 ], [ -70.795227767752223, -33.663867909674735 ], [ -70.797841653226612, -33.665312905361127 ], [ -70.798754404437346, -33.668281204292789 ], [ -70.802464791513827, -33.668411890427215 ] ] ] } },
{ "type": "Feature", "properties": { "Comuna": "Colina" }, "geometry": { "type": "Polygon", "coordinates": [ [ [ -70.791950489016941, -33.173035305732206 ], [ -70.785582065168171, -33.171527062140591 ], [ -70.781969052773547, -33.171972240497318 ], [ -70.776050435150481, -33.173658811751757 ], [ -70.774095021965891, -33.175416784561534 ], [ -70.770009566698718, -33.174777829840409 ], [ -70.764341051728834, -33.179049150426906 ], [ -70.7598008495019, -33.17852040320016 ], [ -70.756456159391078, -33.179600032033342 ], [ -70.754471956998245, -33.178838547985585 ], [ -70.751391311393832, -33.174453635584413 ], [ -70.745656608553816, -33.171703223875262 ], [ -70.74526002301711, -33.169950758953199 ], [ -70.743667335171196, -33.169004228784985 ], [ -70.739448533084939, -33.168575944407024 ], [ -70.735735986458522, -33.166626525041323 ], [ -70.734381927084684, -33.164398727295314 ], [ -70.734920691676336, -33.160441042703361 ], [ -70.73872277518376, -33.158392965764797 ], [ -70.739243044362013, -33.155911850828033 ], [ -70.741980226304094, -33.15280131577962 ], [ -70.74244517902379, -33.148519339604078 ], [ -70.74368277721095, -33.147749998873479 ], [ -70.744208382381998, -33.145548125644709 ], [ -70.748925606618812, -33.144245003924233 ], [ -70.752929300822075, -33.14161128625296 ], [ -70.754972116490563, -33.138254698272959 ], [ -70.754027564020447, -33.136073494908501 ], [ -70.754216262332406, -33.133636958041642 ], [ -70.759235258520945, -33.126104803770481 ], [ -70.759177088114711, -33.123192859159957 ], [ -70.75428848418629, -33.118194484811504 ], [ -70.754439990448873, -33.116277098687888 ], [ -70.757149913013635, -33.110799161279722 ], [ -70.757716855959117, -33.107432675606908 ], [ -70.759755596869482, -33.104106877328583 ], [ -70.758513006744295, -33.100433616785466 ], [ -70.754299124730849, -33.093393024935587 ], [ -70.748038157356376, -33.07997457106076 ], [ -70.74696317399858, -33.068910660997496 ], [ -70.750441244166183, -33.067161231292815 ], [ -70.753190431193701, -33.064091008823723 ], [ -70.759727483194354, -33.061632763461233 ], [ -70.763539984464131, -33.059064985934874 ], [ -70.766890388758483, -33.055357469189232 ], [ -70.764822071715713, -33.048510228893647 ], [ -70.761192470132727, -33.047008802115442 ], [ -70.759465975530304, -33.044075451795486 ], [ -70.760688321222233, -33.039326028316516 ], [ -70.762301473588636, -33.036567388734156 ], [ -70.761464492577176, -33.034213048120165 ], [ -70.758036205246, -33.032211750995522 ], [ -70.756106953697412, -33.02807354900358 ], [ -70.753774475367237, -33.026282252813779 ], [ -70.753064917683901, -33.024951590359741 ], [ -70.753529325126223, -33.023341118814542 ], [ -70.757061235820359, -33.02028094620669 ], [ -70.755421898461734, -33.016152600779819 ], [ -70.750205484014799, -33.012163626602998 ], [ -70.753920340209831, -33.007136565367567 ], [ -70.75895328992965, -33.005023961929524 ], [ -70.759765605000055, -33.002200023061569 ], [ -70.759033373838932, -32.999323458729876 ], [ -70.759907153437695, -32.99519953283037 ], [ -70.761650502231475, -32.991100788694872 ], [ -70.763414182595099, -32.988728325654698 ], [ -70.766798788447275, -32.987382677591974 ], [ -70.77041402237559, -32.98371027044923 ], [ -70.766863625251219, -32.9815606245987 ], [ -70.761075206750476, -32.98003048237689 ], [ -70.760066023190646, -32.97772108667111 ], [ -70.753902779044338, -32.974402868761345 ], [ -70.749832636459516, -32.968655508104895 ], [ -70.747277419956319, -32.967014186727425 ], [ -70.743480587101743, -32.966551271044771 ], [ -70.742012606976829, -32.966947149072851 ], [ -70.738116342298383, -32.965813948914871 ], [ -70.734012803046227, -32.962123732899165 ], [ -70.728288408374112, -32.959319341482377 ], [ -70.722442798630823, -32.953568987628842 ], [ -70.719999169953908, -32.953029858049767 ], [ -70.719075169140879, -32.954074413063381 ], [ -70.713569530410112, -32.955919617211983 ], [ -70.712007500268214, -32.957639805548865 ], [ -70.710250271604963, -32.957946996684854 ], [ -70.707781108316127, -32.960529047663705 ], [ -70.70641491629604, -32.959344407782361 ], [ -70.703541935134155, -32.958392651450843 ], [ -70.697333151792861, -32.958618746224047 ], [ -70.694515849110601, -32.956179587975498 ], [ -70.69181499953018, -32.955437632546946 ], [ -70.690052252516153, -32.955461424568 ], [ -70.684481493113822, -32.958332611818143 ], [ -70.674011667104963, -32.959676712713659 ], [ -70.669871879034474, -32.958316544962798 ], [ -70.668149105253946, -32.956003697594525 ], [ -70.664024160945203, -32.955421634512206 ], [ -70.659551295533646, -32.953640803131741 ], [ -70.653148970164366, -32.954250941213857 ], [ -70.648878761087659, -32.952604608611431 ], [ -70.646774827640513, -32.95296986377015 ], [ -70.644214992000144, -32.952297931840526 ], [ -70.643649957076335, -32.951262141447472 ], [ -70.641676804859827, -32.950827947084939 ], [ -70.636666218698977, -32.947488059303836 ], [ -70.633737347953371, -32.947511033288492 ], [ -70.626819008725349, -32.949258161095734 ], [ -70.623863236131925, -32.948805667530152 ], [ -70.622533230048134, -32.947718395166483 ], [ -70.619286925223818, -32.948297430328914 ], [ -70.615935331560024, -32.950089730135595 ], [ -70.615048732103858, -32.95135913669143 ], [ -70.613632571296094, -32.951530821042667 ], [ -70.611601167824986, -32.947875285786253 ], [ -70.611463063528163, -32.946281626493516 ], [ -70.609640423139183, -32.944096007381432 ], [ -70.607594483130143, -32.942634262600073 ], [ -70.603839609684158, -32.942253041213874 ], [ -70.601476764704145, -32.944400344717018 ], [ -70.600311016468353, -32.94432329892566 ], [ -70.595696274734095, -32.946714177942333 ], [ -70.594292021095427, -32.948557629307302 ], [ -70.595914344362569, -32.951758538215643 ], [ -70.59760998812321, -32.952964070125176 ], [ -70.597095697233158, -32.954719473663133 ], [ -70.59192050198304, -32.959372538771255 ], [ -70.591773171089912, -32.961307287435162 ], [ -70.592732100197821, -32.963028593406058 ], [ -70.591303539045896, -32.964550263248618 ], [ -70.591745075381084, -32.966845742351822 ], [ -70.593083738529259, -32.968424112899122 ], [ -70.59227431962735, -32.969968481600922 ], [ -70.589819052377621, -32.97107366399522 ], [ -70.586449915514649, -32.97400056192086 ], [ -70.583628318885332, -32.974987484354877 ], [ -70.578239807891208, -32.979013661157552 ], [ -70.577141665067074, -32.981742910687636 ], [ -70.573157369982368, -32.986978336661934 ], [ -70.567314681560376, -32.989061464909653 ], [ -70.564977437667636, -32.990716968974525 ], [ -70.564974547787358, -32.99261928955702 ], [ -70.557634557331284, -32.998617292215762 ], [ -70.5578669766481, -33.003554184169502 ], [ -70.556182428877875, -33.004050788800456 ], [ -70.554368358416696, -33.006497225742031 ], [ -70.551508971460009, -33.007483911422327 ], [ -70.549772213605451, -33.010205499349503 ], [ -70.549800120668053, -33.011800671229352 ], [ -70.546947183615117, -33.014213870652547 ], [ -70.54781995440581, -33.016227979491532 ], [ -70.546868607078892, -33.0180500018948 ], [ -70.547464269164024, -33.01983747179969 ], [ -70.549688663995823, -33.022080382945745 ], [ -70.549956945855428, -33.025958228872213 ], [ -70.55266303351226, -33.030268563032017 ], [ -70.553472619500809, -33.033278174789942 ], [ -70.553135249111023, -33.034816417872641 ], [ -70.550987392538048, -33.036960197203342 ], [ -70.549861724435303, -33.03924462533567 ], [ -70.544706700854874, -33.040259671759166 ], [ -70.543216146965193, -33.042517900102709 ], [ -70.540030571847382, -33.044720286196402 ], [ -70.537491695699217, -33.045365285302012 ], [ -70.535597553006895, -33.047474943191013 ], [ -70.533785929556558, -33.048049514754176 ], [ -70.527212521838052, -33.052410256696987 ], [ -70.526906357124588, -33.053671947775008 ], [ -70.527556890103909, -33.055474202198923 ], [ -70.527095103047259, -33.05827184349701 ], [ -70.525552595991442, -33.06072998923468 ], [ -70.525141419119592, -33.064355458776312 ], [ -70.524139932325085, -33.06544152698816 ], [ -70.523409826577932, -33.068533903312826 ], [ -70.51929497214644, -33.0739994767873 ], [ -70.519687826979762, -33.075651525106075 ], [ -70.519154907725664, -33.078572721494766 ], [ -70.515962182018185, -33.080467835848033 ], [ -70.514725319551246, -33.082722647621189 ], [ -70.512843155893236, -33.08348182643617 ], [ -70.51141852756561, -33.086490575387344 ], [ -70.509132016926856, -33.089187615105175 ], [ -70.507382246975425, -33.089178052964741 ], [ -70.502132232841902, -33.086940329978617 ], [ -70.497603755426056, -33.086411878145277 ], [ -70.489390307866387, -33.082414245585468 ], [ -70.48227964203096, -33.081102962604149 ], [ -70.478378795046254, -33.075580575198053 ], [ -70.477658869906207, -33.068486265057551 ], [ -70.476693173789258, -33.067393138390642 ], [ -70.47350357960886, -33.066234318748776 ], [ -70.468714218858082, -33.065278314520356 ], [ -70.465887205387602, -33.062903026857754 ], [ -70.464677272616271, -33.060247949837454 ], [ -70.464565338040302, -33.057886737332971 ], [ -70.461025789869595, -33.052052593112563 ], [ -70.460213209796194, -33.049178026543245 ], [ -70.457357134029635, -33.044992620330653 ], [ -70.454261831513037, -33.042850331666997 ], [ -70.451142326586023, -33.038115626304531 ], [ -70.44787730446447, -33.036711481089405 ], [ -70.445753653895153, -33.032701404186973 ], [ -70.443191231106766, -33.029693513982863 ], [ -70.440105290832051, -33.028072301032751 ], [ -70.434697533432953, -33.02139989697249 ], [ -70.427151902438652, -33.020995534178098 ], [ -70.424666180504175, -33.021560865617644 ], [ -70.423202880601892, -33.025688987166518 ], [ -70.421588747275209, -33.02497097337934 ], [ -70.416564873234677, -33.025120173907737 ], [ -70.406950289190377, -33.02977003793378 ], [ -70.399481116504873, -33.034241590541306 ], [ -70.398829785821576, -33.040277951963994 ], [ -70.399251292420885, -33.041592597115674 ], [ -70.401258997436486, -33.042996861071309 ], [ -70.398175475426527, -33.046130363871839 ], [ -70.397554223932218, -33.048315764322744 ], [ -70.396551304324831, -33.049400848266096 ], [ -70.396704670998361, -33.051040642457231 ], [ -70.401758820958889, -33.055003299834446 ], [ -70.402195528849433, -33.05726895772699 ], [ -70.406949837337791, -33.064103499991177 ], [ -70.406597349200098, -33.065994501660256 ], [ -70.404564919852945, -33.066508304282507 ], [ -70.394851985556386, -33.073321455196691 ], [ -70.394704605255924, -33.075532195540447 ], [ -70.395510017671668, -33.078069854880965 ], [ -70.394707706240283, -33.080349248207341 ], [ -70.393366810778616, -33.080824545459663 ], [ -70.391374771483257, -33.080463257909983 ], [ -70.388525043212496, -33.082335951899076 ], [ -70.386419687732243, -33.082881013576156 ], [ -70.385960929794763, -33.083837239009711 ], [ -70.388574768556722, -33.088978111042508 ], [ -70.386955579511621, -33.090315429344074 ], [ -70.38504005242396, -33.093681136283486 ], [ -70.382245414236309, -33.094448572657278 ], [ -70.380469346104931, -33.096263146820569 ], [ -70.380125567133902, -33.097586246140274 ], [ -70.377643769040574, -33.09973080720593 ], [ -70.377174731681279, -33.102374721063121 ], [ -70.375062275018692, -33.103671308722362 ], [ -70.373573166518312, -33.105725775891678 ], [ -70.378228707936145, -33.108994247813932 ], [ -70.382874065153601, -33.109428058636787 ], [ -70.386374704594402, -33.115291597183727 ], [ -70.391148925139348, -33.117950322962258 ], [ -70.393467885621121, -33.118243442145321 ], [ -70.397956930589245, -33.121666100808952 ], [ -70.403314138888987, -33.122589349740011 ], [ -70.406897099942412, -33.122203825501501 ], [ -70.414411536040163, -33.122990058994802 ], [ -70.417868706902681, -33.123838185037684 ], [ -70.421836635581215, -33.127862431364655 ], [ -70.425307484192246, -33.128454034131138 ], [ -70.428340588256901, -33.130376260840507 ], [ -70.430443414979635, -33.133655930471122 ], [ -70.430563325696994, -33.134903488284017 ], [ -70.433926765444468, -33.137558400803464 ], [ -70.436491290290604, -33.143800776930441 ], [ -70.437890604093525, -33.14524841478579 ], [ -70.441177897247599, -33.147022047283762 ], [ -70.441241839329521, -33.149353003313564 ], [ -70.445019780613691, -33.15708547218324 ], [ -70.44482463958451, -33.159663686178121 ], [ -70.450522995689809, -33.163547832595199 ], [ -70.451947058078801, -33.165716925948786 ], [ -70.454069997182415, -33.167447617613419 ], [ -70.455054324358358, -33.169812352232604 ], [ -70.453549877124487, -33.171563450671435 ], [ -70.462272362226429, -33.177620642445788 ], [ -70.462192255859279, -33.179171650562765 ], [ -70.460068927785144, -33.181003902994455 ], [ -70.459511905833665, -33.182271695088545 ], [ -70.459954660284382, -33.185598480400238 ], [ -70.45942111580284, -33.188781486676376 ], [ -70.467262938414308, -33.195270104956542 ], [ -70.467811622203328, -33.201298751915509 ], [ -70.465247665990759, -33.202133035946588 ], [ -70.465005137932039, -33.203263786650453 ], [ -70.466307117477285, -33.205428286832124 ], [ -70.468559653831988, -33.2070598705888 ], [ -70.470086185248817, -33.209651452402724 ], [ -70.470556506300639, -33.217213171835489 ], [ -70.473201291125861, -33.219584243555637 ], [ -70.474592035899278, -33.220049331566045 ], [ -70.478787139530027, -33.21859864767309 ], [ -70.483308071097468, -33.217983909423005 ], [ -70.49039101851649, -33.218962049683356 ], [ -70.494661020082361, -33.21844580446615 ], [ -70.499236003280458, -33.220368428699331 ], [ -70.50125661529006, -33.220545240704979 ], [ -70.506801789774798, -33.219146989898285 ], [ -70.509200720978086, -33.219130172521901 ], [ -70.513020728570382, -33.220196136637426 ], [ -70.513937700066322, -33.222711150884166 ], [ -70.513115151388206, -33.225577729528624 ], [ -70.515640900455125, -33.231511088271347 ], [ -70.521660321629483, -33.236484888999925 ], [ -70.522149636659691, -33.237741168677019 ], [ -70.524911158454387, -33.239083973727411 ], [ -70.532713923215624, -33.23926141283701 ], [ -70.537100661750969, -33.240090373880605 ], [ -70.543377996429939, -33.238815820694519 ], [ -70.544700112610585, -33.240394872415003 ], [ -70.546284839586448, -33.24113187036361 ], [ -70.551296050974727, -33.241991641735204 ], [ -70.556817608750634, -33.241405618904771 ], [ -70.558291798929119, -33.241877281374038 ], [ -70.558889279204351, -33.24362838354552 ], [ -70.560618933181658, -33.245212787676138 ], [ -70.561952116606605, -33.248458557728028 ], [ -70.559864553158889, -33.251478420569512 ], [ -70.561282912144122, -33.253047136598646 ], [ -70.562762604503718, -33.253415314448219 ], [ -70.568127296668081, -33.257174570711165 ], [ -70.568278757116559, -33.259188940189482 ], [ -70.569571335792361, -33.261856640100859 ], [ -70.57332246506023, -33.265053542302176 ], [ -70.573836037298065, -33.26640518887546 ], [ -70.573291450725051, -33.271939752485906 ], [ -70.57193985363341, -33.273576166907326 ], [ -70.572828486875395, -33.275873616883167 ], [ -70.570763908620833, -33.277980127409656 ], [ -70.571612017063728, -33.28107785284233 ], [ -70.572956578550063, -33.282724924930285 ], [ -70.57313784509968, -33.284375556994675 ], [ -70.574455687096219, -33.286553188372423 ], [ -70.574520788903158, -33.289442857945005 ], [ -70.579239900500383, -33.292363302936941 ], [ -70.583356838125013, -33.293577512625788 ], [ -70.585684816793915, -33.295660353134267 ], [ -70.587570018554217, -33.296038261834582 ], [ -70.592383537697913, -33.299186825165982 ], [ -70.592721685130428, -33.300888008783154 ], [ -70.591070490010068, -33.302158180092292 ], [ -70.591557432589596, -33.30404489443027 ], [ -70.595700714208235, -33.306854220999561 ], [ -70.596203693512223, -33.308426054024899 ], [ -70.597250839875997, -33.308643469041407 ], [ -70.600059110896396, -33.307499872548583 ], [ -70.604555194164746, -33.310677295216941 ], [ -70.603603695022571, -33.312783257603556 ], [ -70.60206929885544, -33.313836927630163 ], [ -70.600286871550153, -33.316661051308294 ], [ -70.600226622442349, -33.321014815244055 ], [ -70.597200716578072, -33.327520003840917 ], [ -70.595604018652736, -33.328751562106994 ], [ -70.595408740181313, -33.330523930294504 ], [ -70.594074169757562, -33.331809802808351 ], [ -70.593673389986819, -33.334502758728753 ], [ -70.594198585526101, -33.335633983762861 ], [ -70.598344021304797, -33.338443450291393 ], [ -70.601522161965335, -33.338380558670579 ], [ -70.61952745812431, -33.342396480378987 ], [ -70.624107283241784, -33.340778918634456 ], [ -70.632862423002635, -33.34033540407885 ], [ -70.638510163533226, -33.342755007241223 ], [ -70.645117133209055, -33.341874627044696 ], [ -70.651696167974507, -33.334114392311264 ], [ -70.655396144475148, -33.332068330513167 ], [ -70.658696213469199, -33.328494669065748 ], [ -70.662620701417254, -33.32938879675865 ], [ -70.668128648818296, -33.328247980089202 ], [ -70.673505177184836, -33.329769054153765 ], [ -70.678219746899984, -33.329667679414307 ], [ -70.681291111110923, -33.330999975685295 ], [ -70.683731865178885, -33.329220793778468 ], [ -70.685014741151306, -33.329641122237867 ], [ -70.686678694145328, -33.328791614814953 ], [ -70.689398527822647, -33.328608735094662 ], [ -70.690438144507695, -33.325432896020821 ], [ -70.692091625840462, -33.324048507774194 ], [ -70.694662628438138, -33.323672948281697 ], [ -70.698155153396954, -33.320970357971184 ], [ -70.707272263911648, -33.318909910464491 ], [ -70.710731423644205, -33.318969879578027 ], [ -70.708987185518268, -33.321140603996994 ], [ -70.708496788916463, -33.322818839908066 ], [ -70.718258249306345, -33.325887431639622 ], [ -70.782972929985007, -33.181592355105806 ], [ -70.78438594758758, -33.179117081521397 ], [ -70.791950489016941, -33.173035305732206 ] ] ] } },
{ "type": "Feature", "properties": { "Comuna": "Santiago" }, "geometry": { "type": "Polygon", "coordinates": [ [ [ -70.661276657360517, -33.429937259400226 ], [ -70.635364302934121, -33.435924306197315 ], [ -70.626071072318098, -33.46857952623634 ], [ -70.624578830493988, -33.469956707249494 ], [ -70.62790693860299, -33.472357999518756 ], [ -70.641830847964727, -33.476872978057358 ], [ -70.67119829455207, -33.476283654544325 ], [ -70.671728248467417, -33.476387174434279 ], [ -70.671688079401164, -33.478469765496037 ], [ -70.680932061678376, -33.478464088960862 ], [ -70.680755391808077, -33.476479229974714 ], [ -70.672016760387208, -33.476532827090658 ], [ -70.672777184275219, -33.475176930504539 ], [ -70.672939428100364, -33.470634119043268 ], [ -70.680074079852176, -33.470714834103902 ], [ -70.679048053779084, -33.469436924990454 ], [ -70.677830569769455, -33.450944431639208 ], [ -70.679016192332583, -33.450729945203562 ], [ -70.679562712080084, -33.443934052138388 ], [ -70.691847982074165, -33.444489546275271 ], [ -70.691551348485888, -33.439503367368623 ], [ -70.685446882006943, -33.438802177219564 ], [ -70.683818556197068, -33.436682637680008 ], [ -70.681339656068857, -33.436155697742116 ], [ -70.680071474737872, -33.438450942839133 ], [ -70.680717769465659, -33.42981657816209 ], [ -70.679875829753811, -33.427911241830081 ], [ -70.678166069866819, -33.426855931971517 ], [ -70.671825642013872, -33.428308675661981 ], [ -70.671386670368818, -33.426515008227476 ], [ -70.661276657360517, -33.429937259400226 ] ] ] } },
{ "type": "Feature", "properties": { "Comuna": "Lampa" }, "geometry": { "type": "Polygon", "coordinates": [ [ [ -70.791950489016941, -33.173035305732206 ], [ -70.78438594758758, -33.179117081521397 ], [ -70.782972929985007, -33.181592355105806 ], [ -70.718833903215128, -33.324609022072636 ], [ -70.793490603859169, -33.341266057614888 ], [ -70.797876684827756, -33.338472729053002 ], [ -70.798794182736444, -33.34490293532442 ], [ -70.801878525806586, -33.347701558123184 ], [ -70.804131791593306, -33.351624238538058 ], [ -70.807189725990725, -33.353495735587124 ], [ -70.811223511061073, -33.358021910705546 ], [ -70.811214011376933, -33.359339331310331 ], [ -70.81912904039585, -33.362777231651528 ], [ -70.820770159113678, -33.362689599172342 ], [ -70.82285097621363, -33.365730144014186 ], [ -70.823983524513139, -33.369504360573032 ], [ -70.825443364104956, -33.371104023554196 ], [ -70.827746298642055, -33.371789453970756 ], [ -70.829508253341999, -33.376192067444009 ], [ -70.83223654645434, -33.377791996014011 ], [ -70.832892741514883, -33.378846258421213 ], [ -70.832565714327274, -33.380890344737288 ], [ -70.836982797952928, -33.382376559735043 ], [ -70.837557694581946, -33.384584601067502 ], [ -70.83919498468002, -33.385288496564279 ], [ -70.847603698134705, -33.381732583812074 ], [ -70.850585458090961, -33.381236992437039 ], [ -70.853286870016746, -33.379532416966128 ], [ -70.862917932756616, -33.375717091317739 ], [ -70.870890946230489, -33.375464165695256 ], [ -70.874390867019059, -33.373593808002433 ], [ -70.875658525530554, -33.373574653541489 ], [ -70.87796979463684, -33.37540156187849 ], [ -70.881510068646307, -33.37607840582249 ], [ -70.88774167278909, -33.375190572138351 ], [ -70.892476221934473, -33.375464706566568 ], [ -70.899702845900009, -33.373199147836345 ], [ -70.901993077360686, -33.371008783363422 ], [ -70.907325487667023, -33.368450307527517 ], [ -70.910257995691211, -33.368429950817443 ], [ -70.91548806453045, -33.370598950471091 ], [ -70.917420198772788, -33.372805427369592 ], [ -70.923507697872623, -33.37547897851703 ], [ -70.931794085938421, -33.377258930059995 ], [ -70.93330828887629, -33.37885783531744 ], [ -70.943662234010134, -33.381511473112781 ], [ -70.946664656116241, -33.384909417017262 ], [ -70.952190866267003, -33.383906705685582 ], [ -70.955175597850243, -33.382571356735873 ], [ -70.957407290595413, -33.380627284986168 ], [ -70.960976507425002, -33.379998335449464 ], [ -70.968108212702688, -33.375924785058984 ], [ -70.970199911095676, -33.372837603065079 ], [ -70.971053568432069, -33.370342648263822 ], [ -70.97759397833525, -33.365323522857835 ], [ -70.98057983191427, -33.364083006659214 ], [ -70.985367956583175, -33.359568582913802 ], [ -70.98717660660995, -33.3565810993029 ], [ -70.986205781112716, -33.351395311182344 ], [ -70.986452062332674, -33.349721247902231 ], [ -70.988715204197646, -33.346726469200867 ], [ -70.993554093561613, -33.344501440640585 ], [ -70.996406818612144, -33.34245142405522 ], [ -71.00204987442855, -33.333150810782321 ], [ -71.002174517470849, -33.331144627118242 ], [ -71.003492446603971, -33.329119194731895 ], [ -71.003717011950258, -33.322450525405607 ], [ -71.001729120176577, -33.315385075998549 ], [ -71.001660589500176, -33.30867731182888 ], [ -70.997874335206376, -33.304634459608593 ], [ -70.995588995072424, -33.304098529651064 ], [ -70.984426739557733, -33.298026165816559 ], [ -70.974719433206445, -33.295938040971684 ], [ -70.971580837283042, -33.293569553363085 ], [ -70.968465496047386, -33.290027936795937 ], [ -70.97229583875702, -33.286718953197166 ], [ -70.974253284829089, -33.278998987003519 ], [ -70.977716116874532, -33.275132541700501 ], [ -70.978728448131136, -33.272157772156923 ], [ -70.978641270226092, -33.268293848739681 ], [ -70.979471216530555, -33.264797175177499 ], [ -70.982074257542834, -33.261844757710492 ], [ -70.98334604920295, -33.255286909899858 ], [ -70.986758163265748, -33.250460525269219 ], [ -70.987444327920798, -33.248159017080411 ], [ -70.991374566883295, -33.2436582140421 ], [ -70.993588325662131, -33.238612227063619 ], [ -70.994754380223426, -33.237448181450219 ], [ -70.995878122338198, -33.234423841768354 ], [ -70.995937845033225, -33.229555537313232 ], [ -70.999170442464589, -33.224397580020842 ], [ -71.000562191554494, -33.223182206299995 ], [ -71.000814481605431, -33.221794262254562 ], [ -70.999813072066033, -33.217706509545323 ], [ -71.001688510935836, -33.212808990117772 ], [ -71.001293689690385, -33.210429353091399 ], [ -70.9997737617892, -33.208497236419774 ], [ -70.999552850789485, -33.203776596960843 ], [ -70.996926174203765, -33.197566127691395 ], [ -70.998191573452331, -33.192252261397904 ], [ -70.996783506465292, -33.190484810634693 ], [ -70.995302012983558, -33.186252142549066 ], [ -70.992675658893035, -33.182844869864248 ], [ -70.992591060949451, -33.181448441516636 ], [ -70.993812867652238, -33.179476510726381 ], [ -70.993376484053513, -33.177663965950252 ], [ -70.985682074980176, -33.177474256946844 ], [ -70.983457219312626, -33.172933032435189 ], [ -70.981699054604846, -33.172294980703462 ], [ -70.980568549972602, -33.173132545632896 ], [ -70.978167638882425, -33.173514394890823 ], [ -70.975104895803284, -33.172072750916186 ], [ -70.972712317485659, -33.174468717141423 ], [ -70.963304400753955, -33.177520112073729 ], [ -70.957937151085957, -33.176201327001081 ], [ -70.95329181991967, -33.172499945227649 ], [ -70.946339530662087, -33.17387877729918 ], [ -70.940559478171593, -33.176726220560781 ], [ -70.939244270035488, -33.178846489880193 ], [ -70.935835265940185, -33.181237804242592 ], [ -70.934186893326441, -33.183697195906838 ], [ -70.93294499490402, -33.184002834241831 ], [ -70.931907947400688, -33.185880016935833 ], [ -70.929834706691835, -33.186791308056804 ], [ -70.918257497787863, -33.184516443750368 ], [ -70.909111968170848, -33.181507443440239 ], [ -70.89292903392311, -33.181086649095526 ], [ -70.890317978141866, -33.183703223984161 ], [ -70.889761587706019, -33.187990599826009 ], [ -70.890538055505019, -33.198797267552656 ], [ -70.892190156127199, -33.205650256881746 ], [ -70.894453396806824, -33.20915352210416 ], [ -70.894592345520024, -33.210886830362284 ], [ -70.892579773432217, -33.211987858187072 ], [ -70.888561027956356, -33.212887356849215 ], [ -70.886215238390321, -33.214688665267651 ], [ -70.886775391868881, -33.22226777395791 ], [ -70.887832985639406, -33.22392191710707 ], [ -70.88402543049358, -33.226413430813899 ], [ -70.882950395033504, -33.228860828476954 ], [ -70.881128741893022, -33.22699901233382 ], [ -70.878742444595886, -33.226572987081333 ], [ -70.875261907654519, -33.227493711330247 ], [ -70.866818595586679, -33.22577131404465 ], [ -70.865965942566774, -33.223431807469602 ], [ -70.863287511342605, -33.220454844016658 ], [ -70.861908183258109, -33.217638194290792 ], [ -70.856528286209254, -33.204083167168818 ], [ -70.850048835981255, -33.197771522455021 ], [ -70.849177353374685, -33.194525685964912 ], [ -70.850378389231466, -33.187902773688521 ], [ -70.852241338823873, -33.18463111441072 ], [ -70.857206114498467, -33.182210785532895 ], [ -70.857175726289015, -33.18140782574735 ], [ -70.835257304972032, -33.179697724031996 ], [ -70.830802459765096, -33.181381918166608 ], [ -70.827210175097335, -33.18468524998292 ], [ -70.825863564553828, -33.184905887033985 ], [ -70.823749227717357, -33.183244501000416 ], [ -70.821956851570306, -33.179629766320943 ], [ -70.81899256833789, -33.176863110354645 ], [ -70.811255469525619, -33.174656471707159 ], [ -70.807646327971554, -33.17175965552876 ], [ -70.802215973451482, -33.172081012989011 ], [ -70.799982219072746, -33.16976644795664 ], [ -70.798463962037999, -33.169674619782207 ], [ -70.791950489016941, -33.173035305732206 ] ] ] } },
{ "type": "Feature", "properties": { "Comuna": "Pirque" }, "geometry": { "type": "Polygon", "coordinates": [ [ [ -70.433811223234301, -33.853602315306297 ], [ -70.437031917089854, -33.851361826135076 ], [ -70.43988906634317, -33.850598440315487 ], [ -70.441392172392327, -33.85128926647014 ], [ -70.444322670885228, -33.855374792162699 ], [ -70.450262102473431, -33.858351011433584 ], [ -70.459406596332911, -33.858125895501118 ], [ -70.461966604449799, -33.85858970724216 ], [ -70.46731820366891, -33.861061509926856 ], [ -70.473133544678703, -33.86273049195966 ], [ -70.47456464716457, -33.862048940922101 ], [ -70.475880237084681, -33.85823740506985 ], [ -70.475177736566209, -33.848415217054381 ], [ -70.477359474896744, -33.846148887776565 ], [ -70.478461184930865, -33.841869962315613 ], [ -70.481489276396218, -33.838350895312473 ], [ -70.481900128077953, -33.835816756010701 ], [ -70.483427645844941, -33.83360273128168 ], [ -70.487152100538779, -33.830518916589035 ], [ -70.493595011792578, -33.829719047348199 ], [ -70.498069598376205, -33.831148471526411 ], [ -70.502018206089616, -33.834261107375184 ], [ -70.505831897627161, -33.833233816475911 ], [ -70.510695616425565, -33.833528469391695 ], [ -70.51486632720308, -33.832419326162835 ], [ -70.518827893114477, -33.833685190028014 ], [ -70.521953457178043, -33.833443192118587 ], [ -70.525065718090588, -33.832214161085638 ], [ -70.525930705877684, -33.830970854437673 ], [ -70.527063561401008, -33.824607122694026 ], [ -70.53302643003498, -33.817198077151552 ], [ -70.533648014804243, -33.813901060825579 ], [ -70.536840062283702, -33.809670241168817 ], [ -70.535114000669225, -33.802180261976183 ], [ -70.535803041729821, -33.800241399386955 ], [ -70.540873698233696, -33.797479349297561 ], [ -70.545125995801953, -33.797277517175523 ], [ -70.546965290956294, -33.796285517113077 ], [ -70.547833900750604, -33.793997272374448 ], [ -70.553649320812141, -33.790108440886279 ], [ -70.559594558212027, -33.784625102301376 ], [ -70.564293257391057, -33.785208841520564 ], [ -70.570512880702893, -33.784712055129816 ], [ -70.576966260923029, -33.782912437171639 ], [ -70.580857892091231, -33.782998116487619 ], [ -70.587783180686301, -33.784971540056503 ], [ -70.591360876713864, -33.784041161247465 ], [ -70.595875206562283, -33.781045148999596 ], [ -70.595287849401956, -33.772947809706004 ], [ -70.596498945491604, -33.769022844141944 ], [ -70.599576169413126, -33.766186907956886 ], [ -70.599854467488143, -33.765255433451642 ], [ -70.598764924236235, -33.762031919557948 ], [ -70.599107595584513, -33.760237863281937 ], [ -70.602091817822966, -33.757867078889028 ], [ -70.605558043703553, -33.756837651905315 ], [ -70.607020953737006, -33.750831359406945 ], [ -70.608610048321779, -33.748329501021708 ], [ -70.609259365880504, -33.744681594398187 ], [ -70.614409965258147, -33.738496840128732 ], [ -70.613387113831237, -33.734130689961603 ], [ -70.616001846416935, -33.722570750383049 ], [ -70.617494567043096, -33.720871658010019 ], [ -70.621102795010529, -33.718977391835978 ], [ -70.621897613594115, -33.717194768293147 ], [ -70.622079561965023, -33.712782413372288 ], [ -70.625063058364745, -33.710496429245389 ], [ -70.627286330302454, -33.707246574634723 ], [ -70.632032332967711, -33.704833765122416 ], [ -70.637526712214694, -33.704451650129734 ], [ -70.645342649871253, -33.696750489506819 ], [ -70.644176221610806, -33.693267825077008 ], [ -70.64731681898067, -33.688554430618886 ], [ -70.651753877544991, -33.679521748125218 ], [ -70.655887277695498, -33.67572140524355 ], [ -70.65549461779662, -33.67292828421138 ], [ -70.652910753120707, -33.669693169238101 ], [ -70.651712468803652, -33.664353620236234 ], [ -70.650055804739836, -33.662754635645932 ], [ -70.641489137813807, -33.660866777360674 ], [ -70.634793852965757, -33.653458944530755 ], [ -70.631206505438797, -33.645678932277015 ], [ -70.631233939987595, -33.642839604138139 ], [ -70.629343817256157, -33.641422183328643 ], [ -70.626723708253493, -33.642006842269488 ], [ -70.6229643261631, -33.644195919379726 ], [ -70.619617516926496, -33.644041089731076 ], [ -70.614527098384684, -33.641509615584404 ], [ -70.605740802354831, -33.641639349216163 ], [ -70.600114783087804, -33.639756135004163 ], [ -70.596202622720398, -33.63766710892866 ], [ -70.59162698375215, -33.638230456700953 ], [ -70.586807061417105, -33.634441171312105 ], [ -70.582939625472761, -33.634765864474645 ], [ -70.580729285681898, -33.633785435854584 ], [ -70.578116043401238, -33.628744909142995 ], [ -70.576152609159493, -33.627272253721472 ], [ -70.56708285423332, -33.624789440675137 ], [ -70.566429244524173, -33.620977038121225 ], [ -70.56467185596081, -33.620413519155527 ], [ -70.557405494120346, -33.620999263248486 ], [ -70.548644740787296, -33.618373697067589 ], [ -70.543637965279899, -33.618283444302214 ], [ -70.541633944255281, -33.619607499624678 ], [ -70.539756858773572, -33.619860126646024 ], [ -70.532053546497423, -33.616043412465423 ], [ -70.529360548192614, -33.615602970086513 ], [ -70.526608358995389, -33.616981838673304 ], [ -70.5190733191383, -33.616463290038268 ], [ -70.517957736421252, -33.615346071693764 ], [ -70.517926570270774, -33.613573615375223 ], [ -70.516153910347597, -33.613518971298667 ], [ -70.513947207835301, -33.614768678343708 ], [ -70.512192354317648, -33.614698392290194 ], [ -70.511077946596998, -33.613642192172236 ], [ -70.508883300374137, -33.613485622856764 ], [ -70.508238387255261, -33.612118036105912 ], [ -70.508150294865217, -33.609154176977981 ], [ -70.505318368508469, -33.608057682832367 ], [ -70.501786794682531, -33.608742539087132 ], [ -70.4984473767841, -33.607865996832068 ], [ -70.498659740313897, -33.605357043654394 ], [ -70.501264892367089, -33.603919482767743 ], [ -70.501135132520943, -33.602759475293254 ], [ -70.498839657593948, -33.600983878792185 ], [ -70.491161328364186, -33.598417440896093 ], [ -70.488992286821869, -33.595478693222631 ], [ -70.487515899364212, -33.594579406318594 ], [ -70.482207023121717, -33.59490303224797 ], [ -70.480663377002102, -33.594340687475245 ], [ -70.479162504164748, -33.589865366206034 ], [ -70.476710824786267, -33.589589020211456 ], [ -70.473397678118332, -33.592348944301186 ], [ -70.460867316273692, -33.591106782182614 ], [ -70.459636067378966, -33.589562404096824 ], [ -70.462448986282638, -33.583110247439421 ], [ -70.461362850340606, -33.58150307058466 ], [ -70.458533910882153, -33.582667384218645 ], [ -70.452656926579238, -33.582828280468092 ], [ -70.449940889182329, -33.579834063875289 ], [ -70.443824978166674, -33.578745163775103 ], [ -70.44360009571507, -33.589207624303285 ], [ -70.440545607255075, -33.600982925563279 ], [ -70.44101634243026, -33.608708470573013 ], [ -70.43918545281204, -33.61522001947683 ], [ -70.435111803204336, -33.62066004723448 ], [ -70.427799352399902, -33.620143838194117 ], [ -70.426459534018264, -33.625258474289552 ], [ -70.424785457909294, -33.627374523228283 ], [ -70.423741988349974, -33.633200561782317 ], [ -70.421237524863741, -33.636803471328967 ], [ -70.417666095483597, -33.637892958395959 ], [ -70.414265769113968, -33.640036924882459 ], [ -70.412026072379589, -33.642639484163595 ], [ -70.41132266276604, -33.64498591980027 ], [ -70.410197966640425, -33.646000917812721 ], [ -70.407240731589738, -33.646607250427216 ], [ -70.408214308626668, -33.649550196811091 ], [ -70.413015196559158, -33.65449402523091 ], [ -70.421334186283246, -33.660476386488682 ], [ -70.429497409035392, -33.660620864582931 ], [ -70.430330227253833, -33.662663193469591 ], [ -70.433443895826429, -33.664583704744302 ], [ -70.4336966943238, -33.666060253542256 ], [ -70.430675398613531, -33.669722161214139 ], [ -70.431707926692681, -33.673480196357232 ], [ -70.438407935780802, -33.678222250772954 ], [ -70.440928952522796, -33.683441227285449 ], [ -70.439701414568518, -33.684915804117338 ], [ -70.43891460266903, -33.688254418185238 ], [ -70.437685617528842, -33.689197147507457 ], [ -70.433873604942576, -33.694875882303428 ], [ -70.422022014618193, -33.699654993714205 ], [ -70.414980890962184, -33.701208460319577 ], [ -70.409196104350144, -33.703483616279591 ], [ -70.405188276099949, -33.70669864044276 ], [ -70.401749367987151, -33.708402408819445 ], [ -70.400504329952838, -33.711938146905034 ], [ -70.400519490819875, -33.712866397791132 ], [ -70.404142482598985, -33.717755348421413 ], [ -70.403568746593336, -33.720162973330638 ], [ -70.404012436190271, -33.721534493505828 ], [ -70.402855766328756, -33.723436472900531 ], [ -70.402658309442771, -33.726608143733728 ], [ -70.404585966481719, -33.729691605503838 ], [ -70.404630186051591, -33.731227757446867 ], [ -70.403616622306401, -33.732519879622622 ], [ -70.403190130057268, -33.738095099696665 ], [ -70.403612101983896, -33.742828438937842 ], [ -70.400313896095739, -33.747379814666623 ], [ -70.399999748952681, -33.749272204285205 ], [ -70.403257653722221, -33.754005254584975 ], [ -70.402257020327255, -33.756097530580945 ], [ -70.404169737484708, -33.759405215492073 ], [ -70.402570461394504, -33.762400731372374 ], [ -70.402609989063635, -33.76364880875402 ], [ -70.403791512614134, -33.765588246022745 ], [ -70.4039219614681, -33.768884199048145 ], [ -70.408287851902358, -33.774500827865147 ], [ -70.407239927597544, -33.779571000937366 ], [ -70.407207136394732, -33.784597451220733 ], [ -70.406674907046792, -33.786044196634016 ], [ -70.403167834770244, -33.789637693646966 ], [ -70.403425524594326, -33.791331495281554 ], [ -70.405866528393958, -33.794056872246912 ], [ -70.406102640684921, -33.796775289294075 ], [ -70.403517142871834, -33.801638795471533 ], [ -70.40301849524414, -33.803981488871969 ], [ -70.403763515719973, -33.81437744772051 ], [ -70.406483838979113, -33.818892378212659 ], [ -70.406275149558823, -33.820207323422629 ], [ -70.408546840690349, -33.826584128640597 ], [ -70.407809372351096, -33.831906783784838 ], [ -70.409058763621303, -33.833237061682539 ], [ -70.409513262646044, -33.835216705042711 ], [ -70.411384100344961, -33.838172518682903 ], [ -70.413672866653386, -33.839714983472817 ], [ -70.420027188748819, -33.841178575012592 ], [ -70.421892188296709, -33.842597663384851 ], [ -70.426271845412685, -33.848725619944076 ], [ -70.427044102807926, -33.850828796893722 ], [ -70.428591578445591, -33.852025761365958 ], [ -70.430352506371179, -33.852055204258924 ], [ -70.433811223234301, -33.853602315306297 ] ] ] } },
{ "type": "Feature", "properties": { "Comuna": "Puente Alto" }, "geometry": { "type": "Polygon", "coordinates": [ [ [ -70.487545974061604, -33.543430507977021 ], [ -70.486025347271166, -33.546041543375523 ], [ -70.486822780850559, -33.552665457427736 ], [ -70.488528574675584, -33.555746896611005 ], [ -70.488757675615759, -33.559132430720332 ], [ -70.489463624766614, -33.560412452330525 ], [ -70.493393936492637, -33.563359606484603 ], [ -70.495969764840012, -33.567717610370025 ], [ -70.500083416427316, -33.571308018009326 ], [ -70.500458445990446, -33.573212336769679 ], [ -70.500346854570907, -33.579942513070591 ], [ -70.49805314842672, -33.58249693687339 ], [ -70.49844482197544, -33.588650965586226 ], [ -70.497230206286517, -33.59095633423005 ], [ -70.495880079736992, -33.592022547580328 ], [ -70.495357496498542, -33.599858825666672 ], [ -70.498839657593948, -33.600983878792185 ], [ -70.501135132520943, -33.602759475293254 ], [ -70.501264892367089, -33.603919482767743 ], [ -70.498659740313897, -33.605357043654394 ], [ -70.4984473767841, -33.607865996832068 ], [ -70.501786794682531, -33.608742539087132 ], [ -70.505318368508469, -33.608057682832367 ], [ -70.508150294865217, -33.609154176977981 ], [ -70.508238387255261, -33.612118036105912 ], [ -70.508883300374137, -33.613485622856764 ], [ -70.513947207835301, -33.614768678343708 ], [ -70.516153910347597, -33.613518971298667 ], [ -70.517926570270774, -33.613573615375223 ], [ -70.517957736421252, -33.615346071693764 ], [ -70.5190733191383, -33.616463290038268 ], [ -70.526608358995389, -33.616981838673304 ], [ -70.529360548192614, -33.615602970086513 ], [ -70.532053546497423, -33.616043412465423 ], [ -70.539756858773572, -33.619860126646024 ], [ -70.541633944255281, -33.619607499624678 ], [ -70.543637965279899, -33.618283444302214 ], [ -70.548644740787296, -33.618373697067589 ], [ -70.557405494120346, -33.620999263248486 ], [ -70.56467185596081, -33.620413519155527 ], [ -70.566429244524173, -33.620977038121225 ], [ -70.56708285423332, -33.624789440675137 ], [ -70.576152609159493, -33.627272253721472 ], [ -70.578116043401238, -33.628744909142995 ], [ -70.580729285681898, -33.633785435854584 ], [ -70.582939625472761, -33.634765864474645 ], [ -70.586807061417105, -33.634441171312105 ], [ -70.59162698375215, -33.638230456700953 ], [ -70.596202622720398, -33.63766710892866 ], [ -70.600114783087804, -33.639756135004163 ], [ -70.605740802354831, -33.641639349216163 ], [ -70.614527098384684, -33.641509615584404 ], [ -70.619617516926496, -33.644041089731076 ], [ -70.6229643261631, -33.644195919379726 ], [ -70.626723708253493, -33.642006842269488 ], [ -70.629343817256157, -33.641422183328643 ], [ -70.631233939987595, -33.642839604138139 ], [ -70.62977271519361, -33.632315745448849 ], [ -70.626512201716466, -33.618813540301517 ], [ -70.626920198552213, -33.604673346379812 ], [ -70.605965473702341, -33.602018509025598 ], [ -70.60852284975546, -33.586921891004877 ], [ -70.609355664380644, -33.586637755821016 ], [ -70.611297588462932, -33.570570458878308 ], [ -70.599949496668771, -33.567296767914591 ], [ -70.592240214189275, -33.570117479907509 ], [ -70.583738532289232, -33.569456196819935 ], [ -70.584473432345064, -33.565584825124553 ], [ -70.557357991208121, -33.560782849554613 ], [ -70.56825930140414, -33.547740068643542 ], [ -70.551431046202367, -33.548025439899469 ], [ -70.548512096450764, -33.549577591861109 ], [ -70.547123201308523, -33.551956611216404 ], [ -70.537482216676338, -33.548849229458447 ], [ -70.53044631133379, -33.544164187722188 ], [ -70.52553108134039, -33.54336587426652 ], [ -70.521563851551122, -33.542905749822722 ], [ -70.515907461142646, -33.543338030978163 ], [ -70.504082614562591, -33.546484754692031 ], [ -70.502362086570272, -33.546314080185226 ], [ -70.498942061044772, -33.543842855776198 ], [ -70.496979325692294, -33.543483100791228 ], [ -70.492268161490372, -33.544257191676927 ], [ -70.487545974061604, -33.543430507977021 ] ] ] } },
{ "type": "Feature", "properties": { "Comuna": "Huechuraba" }, "geometry": { "type": "Polygon", "coordinates": [ [ [ -70.689282984714183, -33.366237451843226 ], [ -70.689438435479133, -33.363803199592944 ], [ -70.693358337527656, -33.351607924658722 ], [ -70.688691062315598, -33.347491186335098 ], [ -70.687445544580882, -33.34255252876406 ], [ -70.685248363312297, -33.340678680158234 ], [ -70.680406473575303, -33.338379387158838 ], [ -70.680097250996624, -33.337548747589821 ], [ -70.681147514514421, -33.335751924337082 ], [ -70.681291111110923, -33.330999975685295 ], [ -70.678219746899984, -33.329667679414307 ], [ -70.673505177184836, -33.329769054153765 ], [ -70.668128648818296, -33.328247980089202 ], [ -70.662620701417254, -33.32938879675865 ], [ -70.658696213469199, -33.328494669065748 ], [ -70.655396144475148, -33.332068330513167 ], [ -70.651696167974507, -33.334114392311264 ], [ -70.645117133209055, -33.341874627044696 ], [ -70.638510163533226, -33.342755007241223 ], [ -70.632862423002635, -33.34033540407885 ], [ -70.624107283241784, -33.340778918634456 ], [ -70.61952745812431, -33.342396480378987 ], [ -70.601522161965335, -33.338380558670579 ], [ -70.598344021304797, -33.338443450291393 ], [ -70.596093402853228, -33.33705878995557 ], [ -70.595340316404446, -33.338114896776666 ], [ -70.592734167221295, -33.338601234129129 ], [ -70.590928574161467, -33.339739297560023 ], [ -70.588879403810651, -33.345758126180066 ], [ -70.582515206535305, -33.35096553987421 ], [ -70.586833397326302, -33.354250511887678 ], [ -70.592627512044245, -33.35553517646057 ], [ -70.597367185180005, -33.360456400464159 ], [ -70.601062006249236, -33.362708287106059 ], [ -70.597340120737144, -33.365787353729353 ], [ -70.597777871571708, -33.371565197901276 ], [ -70.599087741020099, -33.372802647160889 ], [ -70.600089102050475, -33.375333026427256 ], [ -70.600156181947668, -33.378990354025085 ], [ -70.602895629440894, -33.381184886940481 ], [ -70.603890897198681, -33.383366895559661 ], [ -70.601451443891222, -33.388485036576071 ], [ -70.608541634426359, -33.396859527011507 ], [ -70.610071451880486, -33.400985675866636 ], [ -70.610561237627905, -33.405017003285792 ], [ -70.624950936040875, -33.394147982396063 ], [ -70.627893575264849, -33.392585369809225 ], [ -70.641379394228807, -33.382694988530801 ], [ -70.645262988170174, -33.380763502852361 ], [ -70.681802562426341, -33.367046931758615 ], [ -70.689282984714183, -33.366237451843226 ] ] ] } },
{ "type": "Feature", "properties": { "Comuna": "San Bernardo" }, "geometry": { "type": "Polygon", "coordinates": [ [ [ -70.763488879307616, -33.574640304652966 ], [ -70.767418492144344, -33.571961058244163 ], [ -70.763376830645583, -33.566433012817576 ], [ -70.726397530159531, -33.523914949381229 ], [ -70.685379117593484, -33.539111895606077 ], [ -70.687395838999592, -33.54192161576016 ], [ -70.686574091618724, -33.541806795783195 ], [ -70.69291822142894, -33.556130841159657 ], [ -70.695460187781677, -33.555897696400166 ], [ -70.697093508224512, -33.564830173804069 ], [ -70.70079800953927, -33.572966192461109 ], [ -70.676674558373037, -33.582439419536989 ], [ -70.663240964764725, -33.585164051695827 ], [ -70.6706152133725, -33.607477493413057 ], [ -70.643157294923384, -33.609909163413811 ], [ -70.644347259044267, -33.619621254124027 ], [ -70.642213891398512, -33.619832499528925 ], [ -70.64314167591553, -33.6272230464918 ], [ -70.628691557714873, -33.627793975336964 ], [ -70.631233939987595, -33.642839604138139 ], [ -70.63338842702565, -33.644669864563674 ], [ -70.637237917325578, -33.64532193726523 ], [ -70.640578957581411, -33.64709630469293 ], [ -70.6480777549084, -33.6493806549109 ], [ -70.652394013423191, -33.650530296375514 ], [ -70.65699130897633, -33.650132544469649 ], [ -70.659316668157842, -33.651323908023407 ], [ -70.660239976369809, -33.653901497196749 ], [ -70.661727908975479, -33.655081600591785 ], [ -70.673429424053566, -33.660104486809871 ], [ -70.680643987238099, -33.661764062594862 ], [ -70.685347223807639, -33.661149791559716 ], [ -70.688190695312443, -33.662639298305415 ], [ -70.691380603004873, -33.663145823672174 ], [ -70.698009752085056, -33.662886774693945 ], [ -70.701373565531682, -33.66479662752522 ], [ -70.7100325316582, -33.665517646970677 ], [ -70.714189527856277, -33.670533800247746 ], [ -70.714432534717048, -33.674488527796257 ], [ -70.716100376517957, -33.681159023748741 ], [ -70.718248489110778, -33.685301195512324 ], [ -70.721110453334035, -33.687645411632495 ], [ -70.722684975448246, -33.690511781296188 ], [ -70.725918242124521, -33.693125805519934 ], [ -70.733349434938148, -33.695375212438407 ], [ -70.736030034695432, -33.697752121320661 ], [ -70.741958837417187, -33.698004844123652 ], [ -70.744496739791572, -33.698733096163146 ], [ -70.756677731550852, -33.703435483189011 ], [ -70.76068610418011, -33.703638141649868 ], [ -70.768146583868628, -33.70722985542313 ], [ -70.770178162511229, -33.710883754907826 ], [ -70.774404641599915, -33.71366549804474 ], [ -70.776535250519416, -33.715896623699031 ], [ -70.780289242718112, -33.717034564616235 ], [ -70.790984535981806, -33.727470239362781 ], [ -70.79568195146831, -33.730840461557285 ], [ -70.798352764978858, -33.730862750198973 ], [ -70.80265038255321, -33.733459096025172 ], [ -70.804583454636713, -33.733186335851322 ], [ -70.807697639740567, -33.7342868963432 ], [ -70.810601416048712, -33.736689426650905 ], [ -70.81243272158693, -33.740269124151993 ], [ -70.812299524786482, -33.746979747920157 ], [ -70.814377551719161, -33.750968356136248 ], [ -70.816326434151648, -33.75142871947201 ], [ -70.821078234543748, -33.754249953079714 ], [ -70.824754124516687, -33.751575358578435 ], [ -70.826079396478931, -33.748572455190292 ], [ -70.825075605505731, -33.741773535213589 ], [ -70.821682484522981, -33.739761087933189 ], [ -70.820521516222826, -33.736978995188842 ], [ -70.821263685445942, -33.733505899691679 ], [ -70.821324209438203, -33.726985893318371 ], [ -70.82438778615392, -33.721047312062979 ], [ -70.823649000884487, -33.720436963659608 ], [ -70.818434735207703, -33.719823240366985 ], [ -70.811894528323791, -33.722835785058528 ], [ -70.806359968332458, -33.720246552282859 ], [ -70.80683643835242, -33.718668024660332 ], [ -70.805702867770108, -33.715075211870619 ], [ -70.804692125633252, -33.714162374892553 ], [ -70.804301417773459, -33.711711979953918 ], [ -70.798994671436489, -33.707400351173838 ], [ -70.797704944911729, -33.704378690153064 ], [ -70.795686718827525, -33.703350346135672 ], [ -70.79183904671774, -33.698124193015552 ], [ -70.791445950237616, -33.696047573680318 ], [ -70.792776426140307, -33.694696493008074 ], [ -70.793854061324808, -33.690268950522871 ], [ -70.796325849490927, -33.686686255271667 ], [ -70.795620423159534, -33.683513336445706 ], [ -70.799129380101547, -33.680285757848473 ], [ -70.799451939068945, -33.677976748677104 ], [ -70.801966594840394, -33.672643128027971 ], [ -70.803548459783784, -33.672147261786705 ], [ -70.803298172975943, -33.669706170360101 ], [ -70.802464791513827, -33.668411890427215 ], [ -70.798754404437346, -33.668281204292789 ], [ -70.797841653226612, -33.665312905361127 ], [ -70.795227767752223, -33.663867909674735 ], [ -70.792532904544871, -33.660163221928265 ], [ -70.787281211460098, -33.656934278681 ], [ -70.784054900439074, -33.653341901047142 ], [ -70.782955743417006, -33.653182683517997 ], [ -70.757196815851245, -33.662908583015614 ], [ -70.751775776860697, -33.663307270281592 ], [ -70.74915734950423, -33.664425945030509 ], [ -70.74177862459139, -33.663237197296951 ], [ -70.737887497378068, -33.656425552797963 ], [ -70.735598455286848, -33.646413995251294 ], [ -70.737989834353556, -33.64492817866681 ], [ -70.743743179032322, -33.63445625325717 ], [ -70.746286789302033, -33.63248928206481 ], [ -70.748363857732301, -33.629195580191563 ], [ -70.752549108641006, -33.626883463032492 ], [ -70.754593691295668, -33.623360077558203 ], [ -70.756912345451923, -33.621166264575763 ], [ -70.756791242670147, -33.620616220670435 ], [ -70.749066051026958, -33.619070586947025 ], [ -70.746727013198594, -33.617540399405648 ], [ -70.748383952146881, -33.612505430849033 ], [ -70.751286300133728, -33.609291909880582 ], [ -70.752063745299736, -33.60698207997774 ], [ -70.754357832329617, -33.603593084942034 ], [ -70.753332139531466, -33.601290120614578 ], [ -70.745894508492199, -33.597160481222339 ], [ -70.743484589096326, -33.595000918642278 ], [ -70.746065111141064, -33.589988777281562 ], [ -70.750169714896813, -33.586210678345772 ], [ -70.750838737899613, -33.584470111678655 ], [ -70.753100069659268, -33.58204388952187 ], [ -70.752783197027654, -33.579433295812116 ], [ -70.756447104373009, -33.575661238614238 ], [ -70.758354401994353, -33.574234523309812 ], [ -70.761717274006557, -33.574076171488876 ], [ -70.763488879307616, -33.574640304652966 ] ] ] } },
{ "type": "Feature", "properties": { "Comuna": "Curacaví" }, "geometry": { "type": "Polygon", "coordinates": [ [ [ -70.997499708986808, -33.198367544976492 ], [ -70.999552850789485, -33.203776596960843 ], [ -70.9997737617892, -33.208497236419774 ], [ -71.001293689690385, -33.210429353091399 ], [ -71.001688510935836, -33.212808990117772 ], [ -70.999813072066033, -33.217706509545323 ], [ -71.000814481605431, -33.221794262254562 ], [ -71.000562191554494, -33.223182206299995 ], [ -70.999170442464589, -33.224397580020842 ], [ -70.995937845033225, -33.229555537313232 ], [ -70.995878122338198, -33.234423841768354 ], [ -70.994754380223426, -33.237448181450219 ], [ -70.993588325662131, -33.238612227063619 ], [ -70.991374566883295, -33.2436582140421 ], [ -70.987444327920798, -33.248159017080411 ], [ -70.986758163265748, -33.250460525269219 ], [ -70.98334604920295, -33.255286909899858 ], [ -70.982074257542834, -33.261844757710492 ], [ -70.979471216530555, -33.264797175177499 ], [ -70.978641270226092, -33.268293848739681 ], [ -70.978728448131136, -33.272157772156923 ], [ -70.977716116874532, -33.275132541700501 ], [ -70.974253284829089, -33.278998987003519 ], [ -70.97229583875702, -33.286718953197166 ], [ -70.968465496047386, -33.290027936795937 ], [ -70.971580837283042, -33.293569553363085 ], [ -70.974719433206445, -33.295938040971684 ], [ -70.984426739557733, -33.298026165816559 ], [ -70.999435476914456, -33.305802320984967 ], [ -71.001660589500176, -33.30867731182888 ], [ -71.001729120176577, -33.315385075998549 ], [ -71.003717011950258, -33.322450525405607 ], [ -71.003492446603971, -33.329119194731895 ], [ -71.002174517470849, -33.331144627118242 ], [ -71.00204987442855, -33.333150810782321 ], [ -70.996406818612144, -33.34245142405522 ], [ -70.993554093561613, -33.344501440640585 ], [ -70.988715204197646, -33.346726469200867 ], [ -70.986452062332674, -33.349721247902231 ], [ -70.986205781112716, -33.351395311182344 ], [ -70.98717660660995, -33.3565810993029 ], [ -70.985367956583175, -33.359568582913802 ], [ -70.98057983191427, -33.364083006659214 ], [ -70.97759397833525, -33.365323522857835 ], [ -70.971053568432069, -33.370342648263822 ], [ -70.970199911095676, -33.372837603065079 ], [ -70.968108212702688, -33.375924785058984 ], [ -70.960976507425002, -33.379998335449464 ], [ -70.957407290595413, -33.380627284986168 ], [ -70.955175597850243, -33.382571356735873 ], [ -70.952190866267003, -33.383906705685582 ], [ -70.946664656116241, -33.384909417017262 ], [ -70.948319518159607, -33.386305798917171 ], [ -70.948746226004403, -33.391760773768318 ], [ -70.950409692111535, -33.396734965129617 ], [ -70.952015214187924, -33.399404974154912 ], [ -70.952026579672889, -33.401558862299709 ], [ -70.950474483999727, -33.403751824357464 ], [ -70.950237847990948, -33.408844000237565 ], [ -70.951443361051105, -33.412967396408135 ], [ -70.948881244588222, -33.415993486524734 ], [ -70.946764885644072, -33.417173089276183 ], [ -70.947054654306953, -33.421877725011946 ], [ -70.948358979353401, -33.427340975524231 ], [ -70.948310874569927, -33.431803064016769 ], [ -70.949667185121896, -33.436274025281065 ], [ -70.953793818263364, -33.437386369724187 ], [ -70.954330471814089, -33.438245397788499 ], [ -70.95492588506589, -33.447966737658085 ], [ -70.953842029946344, -33.449815054905294 ], [ -70.95149338733097, -33.451350340404005 ], [ -70.949887496945308, -33.45353963829367 ], [ -70.949348733251981, -33.459041649665878 ], [ -70.950522259101504, -33.461187282054276 ], [ -70.95042214815129, -33.462631588795048 ], [ -70.948481469133981, -33.464659778175381 ], [ -70.948700730826843, -33.468540620738814 ], [ -70.948062511953452, -33.46960496433249 ], [ -70.943868694710176, -33.471557529197028 ], [ -70.942413742851841, -33.471635823786059 ], [ -70.938824014789375, -33.473967099029281 ], [ -70.937729631414712, -33.475371472893009 ], [ -70.93256803755628, -33.475507565385705 ], [ -70.929295246804173, -33.477223291050947 ], [ -70.921425786624653, -33.488317463411136 ], [ -70.924221986084277, -33.490342349331272 ], [ -70.926151974251397, -33.496749172836886 ], [ -70.92830999616011, -33.498491270261745 ], [ -70.930046511469541, -33.502126599606321 ], [ -70.930061602267998, -33.505788664652101 ], [ -70.92806430333664, -33.508316809469193 ], [ -70.92311642766748, -33.509226137180093 ], [ -70.921310195007166, -33.511418267605009 ], [ -70.919737128163689, -33.511259015699693 ], [ -70.920060266544425, -33.514808086862253 ], [ -70.922204209157712, -33.516643503804531 ], [ -70.922807233834902, -33.517969016091989 ], [ -70.923012754897172, -33.524372702101935 ], [ -70.926856951425123, -33.533869860685002 ], [ -70.926560865809165, -33.537592159228865 ], [ -70.928565491399951, -33.54094244061352 ], [ -70.929327948175455, -33.546288202413457 ], [ -70.931165452089118, -33.547303801060558 ], [ -70.932985623907697, -33.550422627699042 ], [ -70.935803391917275, -33.551245178597263 ], [ -70.938054892514458, -33.555184688212307 ], [ -70.941480576527951, -33.556648688755196 ], [ -70.942697549396186, -33.558310540316178 ], [ -70.945789742843601, -33.559948300763807 ], [ -70.948432443577332, -33.56064935019657 ], [ -70.949266577827672, -33.555738974075119 ], [ -70.951616522101915, -33.553793245974724 ], [ -70.952544318297015, -33.551965361349033 ], [ -70.954606226758543, -33.550020355310018 ], [ -70.960939112356357, -33.547681137104874 ], [ -70.970265554586746, -33.546817286156802 ], [ -70.974283072065617, -33.545560321397467 ], [ -70.984235412775263, -33.547166693177509 ], [ -70.988927609948263, -33.545516748667133 ], [ -70.989124785661545, -33.54417747582584 ], [ -70.991739811996354, -33.541415568288329 ], [ -70.997614462476136, -33.539173548716377 ], [ -71.007474132082777, -33.539252644723312 ], [ -71.013444272578965, -33.540167265056816 ], [ -71.013733211198527, -33.538864657514019 ], [ -71.01634053986966, -33.535816050893551 ], [ -71.019731096162261, -33.534384716975886 ], [ -71.022799568696271, -33.531797901862213 ], [ -71.022927106110416, -33.52993479864007 ], [ -71.024017255725155, -33.527817505907066 ], [ -71.026028558493465, -33.526114468869437 ], [ -71.031375342742649, -33.523306947436907 ], [ -71.033819681088616, -33.523075938333932 ], [ -71.036239183711928, -33.521646963006155 ], [ -71.036707147584451, -33.519879230324506 ], [ -71.038313859928593, -33.517944054023289 ], [ -71.038666613967621, -33.515981863101182 ], [ -71.040321201126503, -33.513664185511331 ], [ -71.044030334154854, -33.504250507637074 ], [ -71.047505302439788, -33.501854960236997 ], [ -71.052363361851889, -33.500152137189453 ], [ -71.054190356375045, -33.497926866917702 ], [ -71.056689705752376, -33.497646789098702 ], [ -71.06259287684415, -33.494399316964149 ], [ -71.063656263849936, -33.492962115788814 ], [ -71.062583334939191, -33.489198347115092 ], [ -71.062910197735093, -33.486156393908765 ], [ -71.061391646052954, -33.483342983904016 ], [ -71.061040911426687, -33.478752900947235 ], [ -71.067757282429397, -33.472895945925998 ], [ -71.070006527356909, -33.472520506138203 ], [ -71.072537914250546, -33.470450524484562 ], [ -71.073616573514471, -33.468337221242635 ], [ -71.071782068177228, -33.464109949073055 ], [ -71.066032941088707, -33.459711286631695 ], [ -71.065524887201676, -33.450189788799257 ], [ -71.06014267609261, -33.442506835681144 ], [ -71.060924127744798, -33.439756415444698 ], [ -71.06019363123049, -33.437842376741429 ], [ -71.05912682344011, -33.437048999391536 ], [ -71.057981148059355, -33.432911308086808 ], [ -71.059174189808402, -33.430659858165626 ], [ -71.065164521737231, -33.433780174824882 ], [ -71.068600150999231, -33.434027834523178 ], [ -71.075102590911968, -33.438668378668424 ], [ -71.090371141710108, -33.444729601748506 ], [ -71.092653851576898, -33.444560407072373 ], [ -71.101010186962299, -33.446248955482318 ], [ -71.103338473753354, -33.445817366125638 ], [ -71.105150882331216, -33.443390183458597 ], [ -71.109106818500734, -33.441493030915581 ], [ -71.111267266759043, -33.442719722592557 ], [ -71.112615683814582, -33.444744566918594 ], [ -71.118487191089201, -33.446822844549459 ], [ -71.12553042129457, -33.447922290535232 ], [ -71.128512808274905, -33.446607499425838 ], [ -71.13765031324148, -33.448323792661874 ], [ -71.142669229479949, -33.447409351445224 ], [ -71.143736083982716, -33.448523687805881 ], [ -71.148809904353044, -33.449830031190423 ], [ -71.15222690704762, -33.449291479923211 ], [ -71.154147300309177, -33.447079721714431 ], [ -71.156308567831019, -33.448305593846754 ], [ -71.161303462220488, -33.448523597861403 ], [ -71.162737549808028, -33.447670734636354 ], [ -71.164244162880081, -33.445553137254528 ], [ -71.166011529031294, -33.445565772640499 ], [ -71.173092233357039, -33.450234501590181 ], [ -71.174923622438556, -33.450725218739976 ], [ -71.178814612209663, -33.450439037861692 ], [ -71.181375497082286, -33.451003922251218 ], [ -71.183121653111328, -33.452236695079456 ], [ -71.186496353240855, -33.452090037726542 ], [ -71.188383633702742, -33.450662611436655 ], [ -71.189300597113842, -33.447857964004882 ], [ -71.189249672518699, -33.443763308780206 ], [ -71.193693474735866, -33.440678449881233 ], [ -71.200974620150959, -33.440897887566244 ], [ -71.203322271924577, -33.439200573912338 ], [ -71.205544909651692, -33.438725373212293 ], [ -71.207962031739498, -33.435676060438638 ], [ -71.211886453212216, -33.434691096131075 ], [ -71.225708446010003, -33.434661609865394 ], [ -71.229580544210691, -33.433677029117334 ], [ -71.230707613685283, -33.433046828513874 ], [ -71.231519888331476, -33.428239603152036 ], [ -71.232842411448956, -33.42712661366415 ], [ -71.235648040524097, -33.427119633748433 ], [ -71.240286543595943, -33.425641652817831 ], [ -71.241284982406683, -33.424055105640505 ], [ -71.241689646492731, -33.42160801889866 ], [ -71.244857879633969, -33.419546451439963 ], [ -71.246349650740882, -33.416948918785863 ], [ -71.249445167954846, -33.416108477118811 ], [ -71.250409375563365, -33.415219641860219 ], [ -71.251331967818047, -33.412719471915636 ], [ -71.256060735406265, -33.410760104629368 ], [ -71.259955172911418, -33.410689191488665 ], [ -71.263404821281725, -33.411497686193854 ], [ -71.275090610452423, -33.405401959172714 ], [ -71.277159635367667, -33.402859820173745 ], [ -71.277142918618523, -33.401109183979557 ], [ -71.276107462929886, -33.399601506654001 ], [ -71.268237328115589, -33.39383956167962 ], [ -71.267559966052019, -33.388324529702224 ], [ -71.266014368791616, -33.387063419133696 ], [ -71.258795000518603, -33.384927278832663 ], [ -71.255291532282982, -33.383165013378999 ], [ -71.244151864906101, -33.383655555359539 ], [ -71.243615001149593, -33.381979083746906 ], [ -71.240243207968319, -33.379231187706438 ], [ -71.237695265124003, -33.375431451600178 ], [ -71.235987235392244, -33.374069092795423 ], [ -71.232108896595292, -33.375396751795797 ], [ -71.229916693790017, -33.37477793154212 ], [ -71.226787403514621, -33.374928832704029 ], [ -71.222961173292362, -33.373153468137531 ], [ -71.223358381361535, -33.370617023784348 ], [ -71.220607501009695, -33.36584208232599 ], [ -71.219880982235452, -33.363645895082328 ], [ -71.219948755632061, -33.361133373445398 ], [ -71.218482337677429, -33.358950409382714 ], [ -71.214315972949265, -33.355548702841126 ], [ -71.215723089518733, -33.352457743063631 ], [ -71.215809798503201, -33.348565305320029 ], [ -71.215002483455692, -33.347299273403934 ], [ -71.215085985454607, -33.344407814038703 ], [ -71.212538048898494, -33.340675008867805 ], [ -71.210948215898554, -33.335662738110926 ], [ -71.211213728252133, -33.333327071788133 ], [ -71.213131721215262, -33.331696809747164 ], [ -71.212347412920479, -33.330845116493229 ], [ -71.209026306280791, -33.331675223303357 ], [ -71.206173003613515, -33.331171348206887 ], [ -71.205631666246902, -33.330401056738395 ], [ -71.205831463244181, -33.324856357864107 ], [ -71.204972660357825, -33.321007732227557 ], [ -71.196013795266964, -33.311734466517656 ], [ -71.195472814531513, -33.309755684101702 ], [ -71.201168933831738, -33.31027255654427 ], [ -71.205655110479185, -33.30906586593742 ], [ -71.20749108635853, -33.305534498898972 ], [ -71.210407312418198, -33.302660234819434 ], [ -71.214773785859094, -33.292825793851222 ], [ -71.213954302232708, -33.291835039245647 ], [ -71.214266469488891, -33.290328080259201 ], [ -71.213421537488856, -33.288025706209083 ], [ -71.214424970034258, -33.28571284909539 ], [ -71.217131365813231, -33.284830521430472 ], [ -71.21937328228465, -33.281386519906675 ], [ -71.221082275010403, -33.280778840087507 ], [ -71.222548800762866, -33.279138497018934 ], [ -71.223141984396108, -33.272049353097373 ], [ -71.224192392542662, -33.270533741117575 ], [ -71.226701639557817, -33.269438308400588 ], [ -71.225984095851587, -33.267034526128086 ], [ -71.223772740964435, -33.265969472535602 ], [ -71.2200907451425, -33.260963050390224 ], [ -71.219700288811012, -33.259504747107272 ], [ -71.221299158862692, -33.253831364233562 ], [ -71.224248973829162, -33.252024728144718 ], [ -71.225898816985023, -33.248969940949152 ], [ -71.225667538528612, -33.246530328918169 ], [ -71.221854750696252, -33.242393426612828 ], [ -71.221163016486457, -33.240483253712789 ], [ -71.216285421411854, -33.239849404265634 ], [ -71.215123829680891, -33.239149136132106 ], [ -71.215254177923569, -33.234371862613784 ], [ -71.210878998010969, -33.232405900362728 ], [ -71.206091523722293, -33.23249093398789 ], [ -71.199492743986923, -33.228762888498828 ], [ -71.196633177367161, -33.22875330549688 ], [ -71.189435378542441, -33.226777524007325 ], [ -71.187542169199702, -33.227473610253057 ], [ -71.184479109015271, -33.227179230763326 ], [ -71.178810728792698, -33.228139862692267 ], [ -71.170775328220643, -33.230863808396641 ], [ -71.165108263131629, -33.22910955982038 ], [ -71.164689974297687, -33.227480156817457 ], [ -71.16272527702462, -33.225742471623136 ], [ -71.158387211906302, -33.227495084966314 ], [ -71.151888233202357, -33.228635710938896 ], [ -71.150417152991395, -33.229725202001305 ], [ -71.148902723678077, -33.232389029931745 ], [ -71.142696796081054, -33.235801057202487 ], [ -71.140534337393149, -33.237754454117429 ], [ -71.131451701524128, -33.235236855651991 ], [ -71.123962125403551, -33.23185271278588 ], [ -71.120450354039761, -33.231209240580711 ], [ -71.119063186357806, -33.230403232283066 ], [ -71.115102825985517, -33.2255966617723 ], [ -71.11431524961975, -33.223242972381179 ], [ -71.113170711506129, -33.221981928146683 ], [ -71.110849636390185, -33.220907649415288 ], [ -71.107578768931091, -33.220322871056723 ], [ -71.096321182401809, -33.220513135793162 ], [ -71.094124337103139, -33.219688941611288 ], [ -71.085351918247824, -33.224530057080415 ], [ -71.082757121973216, -33.22499742203366 ], [ -71.074723183858467, -33.230618904491507 ], [ -71.072092323818481, -33.230279593282148 ], [ -71.066124319516035, -33.228633871432784 ], [ -71.061691791155695, -33.226552267349057 ], [ -71.060070034725499, -33.224870238998648 ], [ -71.060331400455723, -33.218219843971866 ], [ -71.058310041946115, -33.212234052093621 ], [ -71.056949269462152, -33.204478741765854 ], [ -71.054318146215778, -33.204625937503316 ], [ -71.051962176940947, -33.206013010643545 ], [ -71.048974916600201, -33.209213837949612 ], [ -71.046757648103537, -33.209863638022057 ], [ -71.044368355823224, -33.209844273213861 ], [ -71.041198301796882, -33.206780715624816 ], [ -71.038488593929458, -33.207587155023717 ], [ -71.035027158764279, -33.209442875438313 ], [ -71.033130587027443, -33.211511915859745 ], [ -71.033539643875216, -33.214720062100263 ], [ -71.03103251868076, -33.216483465126203 ], [ -71.026979676750003, -33.216486417913579 ], [ -71.02567938244421, -33.214911484382725 ], [ -71.026301629271856, -33.210681013161079 ], [ -71.027251973180597, -33.207960121901522 ], [ -71.028683915591259, -33.206092592074462 ], [ -71.026936319562807, -33.202266045815968 ], [ -71.025003702026851, -33.201165843555131 ], [ -71.022125831334876, -33.200987116226891 ], [ -71.020249478878426, -33.201387413250856 ], [ -71.018529737810297, -33.203056513614357 ], [ -71.016457543638779, -33.202828604184127 ], [ -71.015522049779989, -33.200314240726556 ], [ -71.01474341075297, -33.199853467710156 ], [ -71.009923165922729, -33.199791590189307 ], [ -71.004285390403567, -33.197876115810374 ], [ -70.997499708986808, -33.198367544976492 ] ] ] } },
{ "type": "Feature", "properties": { "Comuna": "María Pinto" }, "geometry": { "type": "Polygon", "coordinates": [ [ [ -71.013444272578965, -33.540167265056816 ], [ -71.015014539373709, -33.542518054542477 ], [ -71.019522013279882, -33.545212151473606 ], [ -71.021258339044792, -33.545443093198287 ], [ -71.025186475949511, -33.548554125942466 ], [ -71.029940777251355, -33.549670277048797 ], [ -71.031521241721208, -33.551457636580828 ], [ -71.035695649964438, -33.550940135187112 ], [ -71.042768900069959, -33.554755759493787 ], [ -71.046237018700836, -33.555168941853744 ], [ -71.047412983476335, -33.553571114717926 ], [ -71.048577791176015, -33.553311022828815 ], [ -71.05917994441613, -33.556059863522592 ], [ -71.06690796844741, -33.55588692991482 ], [ -71.070806185164955, -33.554312312116608 ], [ -71.072390933700376, -33.552159527522512 ], [ -71.074922091523604, -33.551609116141137 ], [ -71.076508700470001, -33.54985728594405 ], [ -71.07829223809297, -33.549328139959002 ], [ -71.08263134974861, -33.550754301026068 ], [ -71.086839867921498, -33.550801968490362 ], [ -71.090985720518475, -33.55325351224883 ], [ -71.093169391125187, -33.552799901924978 ], [ -71.09596677456436, -33.550712073250097 ], [ -71.101010452863619, -33.550033162622682 ], [ -71.107275000024515, -33.547838161258703 ], [ -71.110236533513842, -33.548512575388287 ], [ -71.113544840059035, -33.553410567450214 ], [ -71.115803711333143, -33.554728786775684 ], [ -71.121707269598787, -33.550326052550211 ], [ -71.127873001180106, -33.548454738187445 ], [ -71.135003828803747, -33.549537756238372 ], [ -71.138132198305982, -33.549292946696376 ], [ -71.14028212819062, -33.550973516043427 ], [ -71.14693023531656, -33.550190373409883 ], [ -71.15025420848032, -33.550943809567464 ], [ -71.150821213409571, -33.553128868803547 ], [ -71.153191243115231, -33.554471421854061 ], [ -71.15757631976733, -33.5543473274085 ], [ -71.163822353548511, -33.555717469510668 ], [ -71.170381434934853, -33.553646220836534 ], [ -71.180143870895137, -33.554333473413408 ], [ -71.184720686656419, -33.552773637553912 ], [ -71.190800839333875, -33.547560668498726 ], [ -71.20010344836146, -33.545868736458097 ], [ -71.202952530743531, -33.543623097070352 ], [ -71.209151765891676, -33.541469218791455 ], [ -71.210459784810595, -33.543059930781325 ], [ -71.215738655525954, -33.544492291278381 ], [ -71.216555590631856, -33.545241150151988 ], [ -71.216554669858709, -33.547436043044293 ], [ -71.214383225323019, -33.549431202651348 ], [ -71.214487577219671, -33.551290260708448 ], [ -71.215990586250754, -33.552122204032223 ], [ -71.217896743910018, -33.550895182410002 ], [ -71.218546169266588, -33.549547589183163 ], [ -71.221252485095491, -33.550644123957539 ], [ -71.221597589081554, -33.555218543547227 ], [ -71.222883773549171, -33.556483752157732 ], [ -71.226683781049957, -33.557990042507924 ], [ -71.230855952488128, -33.562877159033739 ], [ -71.236058773628187, -33.561304071471532 ], [ -71.238692776873364, -33.561781261609852 ], [ -71.237761206855737, -33.563486471812148 ], [ -71.234200195237975, -33.565088350703391 ], [ -71.234182939499675, -33.565918548819305 ], [ -71.236009296218981, -33.568223567409348 ], [ -71.238597621030266, -33.569131037589599 ], [ -71.240995614392418, -33.567083637803641 ], [ -71.243432979116847, -33.566562291336126 ], [ -71.244720882061586, -33.567874945409208 ], [ -71.2448755827333, -33.569446739638366 ], [ -71.243079389644592, -33.572723881823954 ], [ -71.244200152945893, -33.574182720868976 ], [ -71.25186207444699, -33.575093120681757 ], [ -71.25328022502309, -33.577023630909181 ], [ -71.252427786700537, -33.580087150203433 ], [ -71.251118690701603, -33.581490053900289 ], [ -71.252333182423016, -33.582752469315565 ], [ -71.262800502132237, -33.582208866354421 ], [ -71.267179759497907, -33.582683035009353 ], [ -71.269634617115841, -33.58227046176544 ], [ -71.272250530087831, -33.580923144070205 ], [ -71.2757187304654, -33.580573083302696 ], [ -71.278264607184568, -33.582005294723743 ], [ -71.280498040864757, -33.582393662932851 ], [ -71.283012195376287, -33.584780694237828 ], [ -71.286477620857951, -33.586482053441316 ], [ -71.288812190466089, -33.58853826188119 ], [ -71.291646272779559, -33.587913182734965 ], [ -71.294230570443418, -33.588628664021492 ], [ -71.298737261916983, -33.588735850218733 ], [ -71.299884503959603, -33.586853722503172 ], [ -71.304845599236486, -33.584757424794049 ], [ -71.30704379649967, -33.585956997828234 ], [ -71.31577097529896, -33.588275007369546 ], [ -71.321329581393826, -33.587216477273458 ], [ -71.329063345659762, -33.583535650444098 ], [ -71.329522372193537, -33.574535225787109 ], [ -71.328973500656616, -33.57246266354143 ], [ -71.329297338824972, -33.57019344062801 ], [ -71.330526656341831, -33.569047698774604 ], [ -71.331023600763743, -33.567009655658374 ], [ -71.328361840474614, -33.563349426290571 ], [ -71.328032221647405, -33.560411691035654 ], [ -71.331951828150196, -33.54340912388713 ], [ -71.33474298626443, -33.541255573462713 ], [ -71.333987687265108, -33.538596443004799 ], [ -71.331862062198795, -33.53582330509613 ], [ -71.341745736586461, -33.53048362950554 ], [ -71.346496107758938, -33.531299836715817 ], [ -71.349598400066768, -33.530141001606509 ], [ -71.35092766683708, -33.528736200370304 ], [ -71.350021087950665, -33.524925843606262 ], [ -71.350250438622496, -33.519488992535202 ], [ -71.349261935178774, -33.514133825458856 ], [ -71.348328710464415, -33.512551035047359 ], [ -71.348399035974737, -33.508618413243425 ], [ -71.349664665192023, -33.506250092943269 ], [ -71.351502604788607, -33.504988979671381 ], [ -71.349101114285034, -33.500021302343789 ], [ -71.349920843151494, -33.497864343151498 ], [ -71.352445054302621, -33.49625197038862 ], [ -71.353168712840997, -33.492559399267897 ], [ -71.347218972186596, -33.483948660069743 ], [ -71.344739605832743, -33.482350058548221 ], [ -71.339486991974809, -33.47600244196957 ], [ -71.339374153693655, -33.474480737473392 ], [ -71.341980597524213, -33.471185496112341 ], [ -71.341213159590495, -33.467151533611236 ], [ -71.341865028364623, -33.464028387779919 ], [ -71.336501983710477, -33.457844965508265 ], [ -71.336206356235309, -33.455888604436026 ], [ -71.338305936446602, -33.454582954899315 ], [ -71.338881406200741, -33.449739091873369 ], [ -71.337591224230138, -33.447982616711172 ], [ -71.338063129011815, -33.443523994217088 ], [ -71.337522908251088, -33.441027489404028 ], [ -71.340510727343954, -33.439284981617824 ], [ -71.340821398006867, -33.436849093548297 ], [ -71.34366252760374, -33.431173518526556 ], [ -71.343427181575706, -33.429333992475847 ], [ -71.341506179256371, -33.427454148764433 ], [ -71.343542951957943, -33.424102135128024 ], [ -71.344046382216206, -33.422018698473465 ], [ -71.343066263647373, -33.418358355724891 ], [ -71.343327180219944, -33.415684443018712 ], [ -71.338226831700993, -33.413359710497907 ], [ -71.335181115289743, -33.413390072315487 ], [ -71.333149828599616, -33.411769211364302 ], [ -71.332354043428765, -33.408475068866395 ], [ -71.331119511191673, -33.407614551608852 ], [ -71.326380304281557, -33.406995840695217 ], [ -71.325439197748878, -33.4078228410471 ], [ -71.325535251907255, -33.409476597668132 ], [ -71.321576670199249, -33.411032155508835 ], [ -71.318495782049695, -33.410436231138469 ], [ -71.312322589959933, -33.410769403688796 ], [ -71.306469146907347, -33.409440608919645 ], [ -71.300496643841967, -33.411468608220794 ], [ -71.299651818741452, -33.412922014297877 ], [ -71.297790503184544, -33.413261439994578 ], [ -71.295878819987962, -33.411684861633788 ], [ -71.291110774462268, -33.412121626753567 ], [ -71.286081433274944, -33.410515293278038 ], [ -71.281665569561426, -33.410509460071573 ], [ -71.280340181716497, -33.409488180983324 ], [ -71.279548333861555, -33.407019334190423 ], [ -71.276415133219743, -33.404332655967025 ], [ -71.268846699390252, -33.409001842389323 ], [ -71.263404821281725, -33.411497686193854 ], [ -71.259955172911418, -33.410689191488665 ], [ -71.256060735406265, -33.410760104629368 ], [ -71.251331967818047, -33.412719471915636 ], [ -71.250409375563365, -33.415219641860219 ], [ -71.249445167954846, -33.416108477118811 ], [ -71.246349650740882, -33.416948918785863 ], [ -71.244857879633969, -33.419546451439963 ], [ -71.241689646492731, -33.42160801889866 ], [ -71.241284982406683, -33.424055105640505 ], [ -71.240286543595943, -33.425641652817831 ], [ -71.235648040524097, -33.427119633748433 ], [ -71.232842411448956, -33.42712661366415 ], [ -71.231519888331476, -33.428239603152036 ], [ -71.230707613685283, -33.433046828513874 ], [ -71.229580544210691, -33.433677029117334 ], [ -71.225708446010003, -33.434661609865394 ], [ -71.211886453212216, -33.434691096131075 ], [ -71.207962031739498, -33.435676060438638 ], [ -71.205544909651692, -33.438725373212293 ], [ -71.203322271924577, -33.439200573912338 ], [ -71.200974620150959, -33.440897887566244 ], [ -71.193693474735866, -33.440678449881233 ], [ -71.189249672518699, -33.443763308780206 ], [ -71.189300597113842, -33.447857964004882 ], [ -71.188383633702742, -33.450662611436655 ], [ -71.186496353240855, -33.452090037726542 ], [ -71.183121653111328, -33.452236695079456 ], [ -71.181375497082286, -33.451003922251218 ], [ -71.178814612209663, -33.450439037861692 ], [ -71.174923622438556, -33.450725218739976 ], [ -71.173092233357039, -33.450234501590181 ], [ -71.166011529031294, -33.445565772640499 ], [ -71.164244162880081, -33.445553137254528 ], [ -71.162737549808028, -33.447670734636354 ], [ -71.161303462220488, -33.448523597861403 ], [ -71.156308567831019, -33.448305593846754 ], [ -71.154147300309177, -33.447079721714431 ], [ -71.15222690704762, -33.449291479923211 ], [ -71.148809904353044, -33.449830031190423 ], [ -71.143736083982716, -33.448523687805881 ], [ -71.142669229479949, -33.447409351445224 ], [ -71.13765031324148, -33.448323792661874 ], [ -71.128512808274905, -33.446607499425838 ], [ -71.12553042129457, -33.447922290535232 ], [ -71.118487191089201, -33.446822844549459 ], [ -71.112615683814582, -33.444744566918594 ], [ -71.111267266759043, -33.442719722592557 ], [ -71.109106818500734, -33.441493030915581 ], [ -71.105150882331216, -33.443390183458597 ], [ -71.103338473753354, -33.445817366125638 ], [ -71.101010186962299, -33.446248955482318 ], [ -71.092653851576898, -33.444560407072373 ], [ -71.090371141710108, -33.444729601748506 ], [ -71.075102590911968, -33.438668378668424 ], [ -71.068600150999231, -33.434027834523178 ], [ -71.065164521737231, -33.433780174824882 ], [ -71.059174189808402, -33.430659858165626 ], [ -71.057981148059355, -33.432911308086808 ], [ -71.05912682344011, -33.437048999391536 ], [ -71.06019363123049, -33.437842376741429 ], [ -71.060924127744798, -33.439756415444698 ], [ -71.06014267609261, -33.442506835681144 ], [ -71.065524887201676, -33.450189788799257 ], [ -71.066032941088707, -33.459711286631695 ], [ -71.071782068177228, -33.464109949073055 ], [ -71.073616573514471, -33.468337221242635 ], [ -71.072537914250546, -33.470450524484562 ], [ -71.070006527356909, -33.472520506138203 ], [ -71.067757282429397, -33.472895945925998 ], [ -71.061040911426687, -33.478752900947235 ], [ -71.061391646052954, -33.483342983904016 ], [ -71.062910197735093, -33.486156393908765 ], [ -71.062583334939191, -33.489198347115092 ], [ -71.063656263849936, -33.492962115788814 ], [ -71.06259287684415, -33.494399316964149 ], [ -71.056689705752376, -33.497646789098702 ], [ -71.054190356375045, -33.497926866917702 ], [ -71.052363361851889, -33.500152137189453 ], [ -71.047505302439788, -33.501854960236997 ], [ -71.044030334154854, -33.504250507637074 ], [ -71.040321201126503, -33.513664185511331 ], [ -71.038666613967621, -33.515981863101182 ], [ -71.038313859928593, -33.517944054023289 ], [ -71.036707147584451, -33.519879230324506 ], [ -71.036239183711928, -33.521646963006155 ], [ -71.033819681088616, -33.523075938333932 ], [ -71.031375342742649, -33.523306947436907 ], [ -71.026028558493465, -33.526114468869437 ], [ -71.024017255725155, -33.527817505907066 ], [ -71.022927106110416, -33.52993479864007 ], [ -71.022799568696271, -33.531797901862213 ], [ -71.019731096162261, -33.534384716975886 ], [ -71.01634053986966, -33.535816050893551 ], [ -71.013733211198527, -33.538864657514019 ], [ -71.013444272578965, -33.540167265056816 ] ] ] } },
{ "type": "Feature", "properties": { "Comuna": "Cerrillos" }, "geometry": { "type": "Polygon", "coordinates": [ [ [ -70.685697204747385, -33.478108431112716 ], [ -70.686137366660191, -33.482058041285072 ], [ -70.690968222390552, -33.493243051557478 ], [ -70.706002745887503, -33.524131054960748 ], [ -70.7067412221365, -33.531239733293127 ], [ -70.726397530159531, -33.523914949381229 ], [ -70.718522791479401, -33.514083481175497 ], [ -70.723336897222993, -33.51003564516413 ], [ -70.740087143623782, -33.510122776183785 ], [ -70.733336689640893, -33.496375527201231 ], [ -70.731547904958347, -33.494906627662658 ], [ -70.731456569650149, -33.482758212589538 ], [ -70.728570430864309, -33.483397202385667 ], [ -70.726631287966129, -33.482276873007294 ], [ -70.724673063953006, -33.48267963734498 ], [ -70.722406446506199, -33.473384395499508 ], [ -70.711877887745757, -33.482664680970345 ], [ -70.69215414499098, -33.478099282381876 ], [ -70.685697204747385, -33.478108431112716 ] ] ] } },
{ "type": "Feature", "properties": { "Comuna": "Cerro Navia" }, "geometry": { "type": "Polygon", "coordinates": [ [ [ -70.716691486839508, -33.416407518834291 ], [ -70.722405659582009, -33.438934170478511 ], [ -70.724208195674933, -33.437686964096777 ], [ -70.730210186837837, -33.436252594473679 ], [ -70.74087253079523, -33.436389318106357 ], [ -70.740770161480413, -33.429900354003387 ], [ -70.746686758792407, -33.429974951214319 ], [ -70.756949101818392, -33.427317882629197 ], [ -70.762878208170719, -33.427697599607619 ], [ -70.766651250043324, -33.425894889012163 ], [ -70.767096711118, -33.426842128788486 ], [ -70.775655069525939, -33.424495325598315 ], [ -70.781020782176469, -33.417405901456064 ], [ -70.782108414711786, -33.416960831770794 ], [ -70.782262435358817, -33.413701661439156 ], [ -70.776703422327145, -33.413599117989207 ], [ -70.771920747737028, -33.414616484114127 ], [ -70.762361109147079, -33.41266326788049 ], [ -70.751850000161042, -33.4121700004399 ], [ -70.737097721038154, -33.412260176789744 ], [ -70.731961471348868, -33.412713209944798 ], [ -70.727876057404188, -33.413898511020946 ], [ -70.722499326018394, -33.411746648224337 ], [ -70.715919999300468, -33.415124537727387 ], [ -70.716691486839508, -33.416407518834291 ] ] ] } },
{ "type": "Feature", "properties": { "Comuna": "Vitacura" }, "geometry": { "type": "Polygon", "coordinates": [ [ [ -70.517689052116395, -33.372578569998907 ], [ -70.5270933360611, -33.377147134715017 ], [ -70.533885184412284, -33.383816178117229 ], [ -70.55413744287965, -33.392324759766566 ], [ -70.571943873594307, -33.398143670362423 ], [ -70.58664482657511, -33.40416878646873 ], [ -70.599674592428897, -33.408338938669218 ], [ -70.605869689038542, -33.409278193318649 ], [ -70.614542357168091, -33.409165537048175 ], [ -70.612111707350408, -33.407996847382634 ], [ -70.610561237627905, -33.405017003285792 ], [ -70.610071451880486, -33.400985675866636 ], [ -70.608541634426359, -33.396859527011507 ], [ -70.601451443891222, -33.388485036576071 ], [ -70.603890897198681, -33.383366895559661 ], [ -70.602895629440894, -33.381184886940481 ], [ -70.600156181947668, -33.378990354025085 ], [ -70.600089102050475, -33.375333026427256 ], [ -70.599087741020099, -33.372802647160889 ], [ -70.597777871571708, -33.371565197901276 ], [ -70.597340120737144, -33.365787353729353 ], [ -70.601062006249236, -33.362708287106059 ], [ -70.597367185180005, -33.360456400464159 ], [ -70.592627512044245, -33.35553517646057 ], [ -70.586833397326302, -33.354250511887678 ], [ -70.582515206535305, -33.35096553987421 ], [ -70.580149601032417, -33.351966670969659 ], [ -70.577164393342088, -33.352178764545577 ], [ -70.575395377883993, -33.353072266428903 ], [ -70.57340482619874, -33.355501553712671 ], [ -70.57154518959311, -33.355977991565716 ], [ -70.567591988793637, -33.355470551141515 ], [ -70.564142813835474, -33.357604484904186 ], [ -70.560256516863419, -33.358524433701 ], [ -70.550335065623131, -33.359275305310675 ], [ -70.548903723287083, -33.360468517020998 ], [ -70.547719103243807, -33.363878732876742 ], [ -70.541184141622836, -33.370068928315874 ], [ -70.531073921103683, -33.370629117170211 ], [ -70.52486368518656, -33.369495931854402 ], [ -70.519471334792925, -33.370365254412953 ], [ -70.517689052116395, -33.372578569998907 ] ] ] } },
{ "type": "Feature", "properties": { "Comuna": "Conchalí" }, "geometry": { "type": "Polygon", "coordinates": [ [ [ -70.658149936266824, -33.399078146967604 ], [ -70.666704432817383, -33.398954743962825 ], [ -70.667075350791464, -33.400136384754106 ], [ -70.671901538875616, -33.400287897365232 ], [ -70.67217675213594, -33.399716068223512 ], [ -70.681933723644349, -33.403017783438308 ], [ -70.689931000614038, -33.389387336465944 ], [ -70.700316421817121, -33.36616938107791 ], [ -70.692569892491008, -33.365903066479156 ], [ -70.681802562426341, -33.367046931758615 ], [ -70.656824648134915, -33.376536384374006 ], [ -70.657733324587525, -33.378398468473755 ], [ -70.657155337753935, -33.392071724195489 ], [ -70.658149936266824, -33.399078146967604 ] ] ] } },
{ "type": "Feature", "properties": { "Comuna": "El Bosque" }, "geometry": { "type": "Polygon", "coordinates": [ [ [ -70.663240964764725, -33.585164051695827 ], [ -70.676674558373037, -33.582439419536989 ], [ -70.70079800953927, -33.572966192461109 ], [ -70.697093508224512, -33.564830173804069 ], [ -70.695460187781677, -33.555897696400166 ], [ -70.69291822142894, -33.556130841159657 ], [ -70.686574091618724, -33.541806795783195 ], [ -70.687395838999592, -33.54192161576016 ], [ -70.68538257700564, -33.539118352109412 ], [ -70.666665410001443, -33.54636996473571 ], [ -70.653197461223414, -33.54879198992154 ], [ -70.663240964764725, -33.585164051695827 ] ] ] } },
{ "type": "Feature", "properties": { "Comuna": "Estación Central" }, "geometry": { "type": "Polygon", "coordinates": [ [ [ -70.680932061678376, -33.478464088960862 ], [ -70.69215414499098, -33.478099282381876 ], [ -70.711877887745757, -33.482664680970345 ], [ -70.722781096081988, -33.473007064281518 ], [ -70.733805420674685, -33.469624492529391 ], [ -70.731405503121195, -33.468140947758656 ], [ -70.731292878639081, -33.454913807748262 ], [ -70.712956882979611, -33.458445037138077 ], [ -70.710415679296545, -33.458290712138314 ], [ -70.70558601024068, -33.457160076049554 ], [ -70.707092183138215, -33.448793390478194 ], [ -70.698261736708801, -33.447717270119128 ], [ -70.692314309216258, -33.447935989926584 ], [ -70.691847982074165, -33.444489546275271 ], [ -70.679562712080084, -33.443934052138388 ], [ -70.679016192332583, -33.450729945203562 ], [ -70.677830569769455, -33.450944431639208 ], [ -70.679048053779084, -33.469436924990454 ], [ -70.680074079852176, -33.470714834103902 ], [ -70.672939428100364, -33.470634119043268 ], [ -70.672777184275219, -33.475176930504539 ], [ -70.672016760387208, -33.476532827090658 ], [ -70.680755391808077, -33.476479229974714 ], [ -70.680932061678376, -33.478464088960862 ] ] ] } },
{ "type": "Feature", "properties": { "Comuna": "La Florida" }, "geometry": { "type": "Polygon", "coordinates": [ [ [ -70.437901494369711, -33.492155344372094 ], [ -70.437165669049136, -33.497753043933969 ], [ -70.438987231459762, -33.500225342831712 ], [ -70.443109210429753, -33.504183300095875 ], [ -70.450519261393154, -33.506068673432381 ], [ -70.461460434329922, -33.515505160773621 ], [ -70.463923518719241, -33.516287339948043 ], [ -70.465840237871305, -33.518459918086741 ], [ -70.467475774457952, -33.524214947095572 ], [ -70.469228301338987, -33.526771219889739 ], [ -70.47363113678594, -33.52802345856486 ], [ -70.479795954780599, -33.531656299684158 ], [ -70.479998452113634, -33.536855618789644 ], [ -70.480923949519934, -33.537655889752273 ], [ -70.484587491250977, -33.538614106957951 ], [ -70.486842215003406, -33.54049600299652 ], [ -70.487545974061604, -33.543430507977021 ], [ -70.492268161490372, -33.544257191676927 ], [ -70.496979325692294, -33.543483100791228 ], [ -70.498942061044772, -33.543842855776198 ], [ -70.502362086570272, -33.546314080185226 ], [ -70.504082614562591, -33.546484754692031 ], [ -70.515907461142646, -33.543338030978163 ], [ -70.521563851551122, -33.542905749822722 ], [ -70.52553108134039, -33.54336587426652 ], [ -70.53044631133379, -33.544164187722188 ], [ -70.537482216676338, -33.548849229458447 ], [ -70.547123201308523, -33.551956611216404 ], [ -70.548512096450764, -33.549577591861109 ], [ -70.551431046202367, -33.548025439899469 ], [ -70.56825930140414, -33.547740068643542 ], [ -70.557357991208121, -33.560782849554613 ], [ -70.584473432345064, -33.565584825124553 ], [ -70.583738532289232, -33.569456196819935 ], [ -70.592240214189275, -33.570117479907509 ], [ -70.599949496668771, -33.567296767914591 ], [ -70.611271861611513, -33.570566406601394 ], [ -70.61251612978964, -33.562184287670568 ], [ -70.61044031361088, -33.561963089733013 ], [ -70.614857930835825, -33.546523631153661 ], [ -70.610559769780735, -33.546654907774602 ], [ -70.60974942651238, -33.526187393440736 ], [ -70.611562757660067, -33.510388274748024 ], [ -70.61366381380337, -33.508351909307066 ], [ -70.566434140342466, -33.511637419096843 ], [ -70.541708093893774, -33.512531356995034 ], [ -70.528503448512041, -33.508617987052276 ], [ -70.52464021219167, -33.508289853718793 ], [ -70.5160071103588, -33.501932980246629 ], [ -70.502289071503981, -33.499695344748815 ], [ -70.499206235806881, -33.497778813376833 ], [ -70.496541090665772, -33.499276429576923 ], [ -70.493675785607962, -33.499574020485973 ], [ -70.491727981153844, -33.501062883305046 ], [ -70.489883109258216, -33.500709335546745 ], [ -70.488955566388, -33.501547195688374 ], [ -70.485682763059472, -33.501624021944615 ], [ -70.484350238099609, -33.499761321267144 ], [ -70.476785295123321, -33.495342731105971 ], [ -70.469517018074683, -33.495166072704833 ], [ -70.46672996705793, -33.492118028691692 ], [ -70.463101918662062, -33.492386333395054 ], [ -70.46199993284516, -33.493526596447666 ], [ -70.456026278139575, -33.495663581041214 ], [ -70.450781996155882, -33.495837844962061 ], [ -70.444585270002335, -33.492678754091585 ], [ -70.437901494369711, -33.492155344372094 ] ] ] } },
{ "type": "Feature", "properties": { "Comuna": "La Granja" }, "geometry": { "type": "Polygon", "coordinates": [ [ [ -70.636594892465425, -33.51872853582605 ], [ -70.627252479087602, -33.517704336912018 ], [ -70.619925666916728, -33.514328387436436 ], [ -70.615015797170585, -33.513107534924664 ], [ -70.6112656371849, -33.5130587044804 ], [ -70.60974942651238, -33.526187393440736 ], [ -70.610559769780735, -33.546654907774602 ], [ -70.614857930835825, -33.546523631153661 ], [ -70.612231166215224, -33.555611632479653 ], [ -70.630709155876701, -33.559808407290539 ], [ -70.634102121450908, -33.542665614487113 ], [ -70.636594892465425, -33.51872853582605 ] ] ] } },
{ "type": "Feature", "properties": { "Comuna": "La Pintana" }, "geometry": { "type": "Polygon", "coordinates": [ [ [ -70.631019720538404, -33.558066473530893 ], [ -70.630709155876701, -33.559808407290539 ], [ -70.612231166215224, -33.555611632479653 ], [ -70.61044031361088, -33.561963089733013 ], [ -70.61251612978964, -33.562184287670568 ], [ -70.609355664380644, -33.586637755821016 ], [ -70.60852284975546, -33.586921891004877 ], [ -70.605965473702341, -33.602018509025598 ], [ -70.626920198552213, -33.604673346379812 ], [ -70.626512201716466, -33.618813540301517 ], [ -70.628683347113167, -33.627794472746757 ], [ -70.64314167591553, -33.6272230464918 ], [ -70.642213891398512, -33.619832499528925 ], [ -70.644347259044267, -33.619621254124027 ], [ -70.643157294923384, -33.609909163413811 ], [ -70.6706152133725, -33.607477493413057 ], [ -70.662819460860376, -33.583885547275798 ], [ -70.65488101276199, -33.554977152563254 ], [ -70.631019720538404, -33.558066473530893 ] ] ] } },
{ "type": "Feature", "properties": { "Comuna": "Las Condes" }, "geometry": { "type": "Polygon", "coordinates": [ [ [ -70.5270933360611, -33.377147134715017 ], [ -70.512634632661275, -33.370998876132987 ], [ -70.504398055279665, -33.369556584100152 ], [ -70.499274801517572, -33.367159019924777 ], [ -70.495698854509882, -33.366956361882096 ], [ -70.492776062663822, -33.364619611316989 ], [ -70.484455886265224, -33.364277510765199 ], [ -70.478502355618659, -33.366314211918798 ], [ -70.476532323251121, -33.367381342735975 ], [ -70.475475230740528, -33.368779784876537 ], [ -70.480996372596465, -33.371221326418855 ], [ -70.483502082046016, -33.376842236429958 ], [ -70.483612343958939, -33.379160695166682 ], [ -70.479522889392115, -33.384681927390808 ], [ -70.480122265112612, -33.386578238396304 ], [ -70.479176097471623, -33.389325686234073 ], [ -70.477295198641528, -33.391311099498822 ], [ -70.47713377048666, -33.394346629049259 ], [ -70.462826443991986, -33.395348847216091 ], [ -70.454491985278707, -33.397350296208764 ], [ -70.453401222114636, -33.399980304642234 ], [ -70.454050061769635, -33.409133092843049 ], [ -70.453534735122062, -33.416514929010447 ], [ -70.451523726102835, -33.419274720399542 ], [ -70.444869231955224, -33.424348965482004 ], [ -70.43498497725588, -33.427199898996705 ], [ -70.434017420727983, -33.428757635141046 ], [ -70.433658337159457, -33.432806678492753 ], [ -70.430917843128938, -33.438727062111077 ], [ -70.432136859664439, -33.443828477125038 ], [ -70.431468521177891, -33.446334539130291 ], [ -70.429377317756632, -33.448618968214952 ], [ -70.428647682726677, -33.451720458927973 ], [ -70.429181396091479, -33.453974680350363 ], [ -70.428114484096525, -33.458150729172459 ], [ -70.42960083387068, -33.462237873427611 ], [ -70.430686664385519, -33.463533986885714 ], [ -70.433260606270807, -33.464693870534447 ], [ -70.435445128480396, -33.468059101751606 ], [ -70.433403566860051, -33.473376690214657 ], [ -70.434416459563721, -33.480970191367867 ], [ -70.437758397236522, -33.483497683119445 ], [ -70.439152935595388, -33.486605138610365 ], [ -70.445862696794237, -33.48541232414771 ], [ -70.452112369650635, -33.482454232022874 ], [ -70.461120615132685, -33.476053856670923 ], [ -70.47198560105187, -33.475433534093412 ], [ -70.475044990720022, -33.473593976286516 ], [ -70.478802695655787, -33.469123361335591 ], [ -70.483543868978074, -33.465001547979021 ], [ -70.48579304114206, -33.463859910465068 ], [ -70.489682532523247, -33.45571557622695 ], [ -70.496357395969952, -33.450389730610091 ], [ -70.496215450476953, -33.446686823949364 ], [ -70.500495675769088, -33.443160018037013 ], [ -70.502897172560836, -33.439557520323156 ], [ -70.509478197094637, -33.435707353011978 ], [ -70.515024922071547, -33.435377506397174 ], [ -70.523028502519594, -33.431611603270326 ], [ -70.537933852770266, -33.433433015552374 ], [ -70.539081268187729, -33.42892544293759 ], [ -70.554075221969811, -33.430428130348133 ], [ -70.58444555672348, -33.431783924633287 ], [ -70.602567802752688, -33.417372898723968 ], [ -70.604668843624609, -33.417057164329798 ], [ -70.607872985122739, -33.415484036576011 ], [ -70.605869689038542, -33.409278193318649 ], [ -70.599674592428897, -33.408338938669218 ], [ -70.58664482657511, -33.40416878646873 ], [ -70.571943873594307, -33.398143670362423 ], [ -70.55413744287965, -33.392324759766566 ], [ -70.543428814125562, -33.388143328409086 ], [ -70.533885184412284, -33.383816178117229 ], [ -70.5270933360611, -33.377147134715017 ] ] ] } },
{ "type": "Feature", "properties": { "Comuna": "Lo Barnechea" }, "geometry": { "type": "Polygon", "coordinates": [ [ [ -70.434416459563721, -33.480970191367867 ], [ -70.433403566860051, -33.473376690214657 ], [ -70.435445128480396, -33.468059101751606 ], [ -70.433260606270807, -33.464693870534447 ], [ -70.430686664385519, -33.463533986885714 ], [ -70.42960083387068, -33.462237873427611 ], [ -70.428114484096525, -33.458150729172459 ], [ -70.429181396091479, -33.453974680350363 ], [ -70.428647682726677, -33.451720458927973 ], [ -70.429377317756632, -33.448618968214952 ], [ -70.431468521177891, -33.446334539130291 ], [ -70.432136859664439, -33.443828477125038 ], [ -70.430917843128938, -33.438727062111077 ], [ -70.433658337159457, -33.432806678492753 ], [ -70.434017420727983, -33.428757635141046 ], [ -70.43498497725588, -33.427199898996705 ], [ -70.436181894337082, -33.426650703581743 ], [ -70.444869231955224, -33.424348965482004 ], [ -70.451523726102835, -33.419274720399542 ], [ -70.453534735122062, -33.416514929010447 ], [ -70.454050061769635, -33.409133092843049 ], [ -70.453401222114636, -33.399980304642234 ], [ -70.454491985278707, -33.397350296208764 ], [ -70.462826443991986, -33.395348847216091 ], [ -70.47713377048666, -33.394346629049259 ], [ -70.477295198641528, -33.391311099498822 ], [ -70.479176097471623, -33.389325686234073 ], [ -70.480122265112612, -33.386578238396304 ], [ -70.479522889392115, -33.384681927390808 ], [ -70.483612343958939, -33.379160695166682 ], [ -70.483502082046016, -33.376842236429958 ], [ -70.480996372596465, -33.371221326418855 ], [ -70.475475230740528, -33.368779784876537 ], [ -70.476532323251121, -33.367381342735975 ], [ -70.484455886265224, -33.364277510765199 ], [ -70.492776062663822, -33.364619611316989 ], [ -70.495698854509882, -33.366956361882096 ], [ -70.499274801517572, -33.367159019924777 ], [ -70.504398055279665, -33.369556584100152 ], [ -70.512634632661275, -33.370998876132987 ], [ -70.517609137988728, -33.372706477841547 ], [ -70.519471334792925, -33.370365254412953 ], [ -70.52486368518656, -33.369495931854402 ], [ -70.531073921103683, -33.370629117170211 ], [ -70.541184141622836, -33.370068928315874 ], [ -70.547719103243807, -33.363878732876742 ], [ -70.548903723287083, -33.360468517020998 ], [ -70.550335065623131, -33.359275305310675 ], [ -70.560256516863419, -33.358524433701 ], [ -70.564142813835474, -33.357604484904186 ], [ -70.567591988793637, -33.355470551141515 ], [ -70.57154518959311, -33.355977991565716 ], [ -70.57340482619874, -33.355501553712671 ], [ -70.575395377883993, -33.353072266428903 ], [ -70.582515206535305, -33.35096553987421 ], [ -70.588107957594119, -33.346708704599621 ], [ -70.590928574161467, -33.339739297560023 ], [ -70.592734167221295, -33.338601234129129 ], [ -70.595340316404446, -33.338114896776666 ], [ -70.596093402853228, -33.33705878995557 ], [ -70.593673389986819, -33.334502758728753 ], [ -70.594074169757562, -33.331809802808351 ], [ -70.595408740181313, -33.330523930294504 ], [ -70.595604018652736, -33.328751562106994 ], [ -70.597200716578072, -33.327520003840917 ], [ -70.600226622442349, -33.321014815244055 ], [ -70.600286871550153, -33.316661051308294 ], [ -70.60206929885544, -33.313836927630163 ], [ -70.603603695022571, -33.312783257603556 ], [ -70.604555194164746, -33.310677295216941 ], [ -70.600059110896396, -33.307499872548583 ], [ -70.597250839875997, -33.308643469041407 ], [ -70.596203693512223, -33.308426054024899 ], [ -70.595700714208235, -33.306854220999561 ], [ -70.591557432589596, -33.30404489443027 ], [ -70.591070490010068, -33.302158180092292 ], [ -70.592721685130428, -33.300888008783154 ], [ -70.592383537697913, -33.299186825165982 ], [ -70.587570018554217, -33.296038261834582 ], [ -70.585684816793915, -33.295660353134267 ], [ -70.583356838125013, -33.293577512625788 ], [ -70.579239900500383, -33.292363302936941 ], [ -70.574520788903158, -33.289442857945005 ], [ -70.574455687096219, -33.286553188372423 ], [ -70.57313784509968, -33.284375556994675 ], [ -70.572956578550063, -33.282724924930285 ], [ -70.571612017063728, -33.28107785284233 ], [ -70.570763908620833, -33.277980127409656 ], [ -70.572828486875395, -33.275873616883167 ], [ -70.57193985363341, -33.273576166907326 ], [ -70.573291450725051, -33.271939752485906 ], [ -70.573836037298065, -33.26640518887546 ], [ -70.57332246506023, -33.265053542302176 ], [ -70.569571335792361, -33.261856640100859 ], [ -70.568278757116559, -33.259188940189482 ], [ -70.568127296668081, -33.257174570711165 ], [ -70.562762604503718, -33.253415314448219 ], [ -70.561282912144122, -33.253047136598646 ], [ -70.559864553158889, -33.251478420569512 ], [ -70.561952116606605, -33.248458557728028 ], [ -70.560618933181658, -33.245212787676138 ], [ -70.558889279204351, -33.24362838354552 ], [ -70.558291798929119, -33.241877281374038 ], [ -70.556817608750634, -33.241405618904771 ], [ -70.551296050974727, -33.241991641735204 ], [ -70.546284839586448, -33.24113187036361 ], [ -70.544700112610585, -33.240394872415003 ], [ -70.543377996429939, -33.238815820694519 ], [ -70.537100661750969, -33.240090373880605 ], [ -70.532713923215624, -33.23926141283701 ], [ -70.524911158454387, -33.239083973727411 ], [ -70.522149636659691, -33.237741168677019 ], [ -70.521660321629483, -33.236484888999925 ], [ -70.515640900455125, -33.231511088271347 ], [ -70.513115151388206, -33.225577729528624 ], [ -70.513937700066322, -33.222711150884166 ], [ -70.513020728570382, -33.220196136637426 ], [ -70.509200720978086, -33.219130172521901 ], [ -70.506801789774798, -33.219146989898285 ], [ -70.50125661529006, -33.220545240704979 ], [ -70.499236003280458, -33.220368428699331 ], [ -70.494661020082361, -33.21844580446615 ], [ -70.49039101851649, -33.218962049683356 ], [ -70.483308071097468, -33.217983909423005 ], [ -70.478787139530027, -33.21859864767309 ], [ -70.474592035899278, -33.220049331566045 ], [ -70.473201291125861, -33.219584243555637 ], [ -70.470556506300639, -33.217213171835489 ], [ -70.470086185248817, -33.209651452402724 ], [ -70.468559653831988, -33.2070598705888 ], [ -70.466307117477285, -33.205428286832124 ], [ -70.465005137932039, -33.203263786650453 ], [ -70.465247665990759, -33.202133035946588 ], [ -70.467811622203328, -33.201298751915509 ], [ -70.467262938414308, -33.195270104956542 ], [ -70.45942111580284, -33.188781486676376 ], [ -70.459954660284382, -33.185598480400238 ], [ -70.459511905833665, -33.182271695088545 ], [ -70.460068927785144, -33.181003902994455 ], [ -70.462192255859279, -33.179171650562765 ], [ -70.462272362226429, -33.177620642445788 ], [ -70.453549877124487, -33.171563450671435 ], [ -70.455054324358358, -33.169812352232604 ], [ -70.454069997182415, -33.167447617613419 ], [ -70.451947058078801, -33.165716925948786 ], [ -70.450522995689809, -33.163547832595199 ], [ -70.44482463958451, -33.159663686178121 ], [ -70.445019780613691, -33.15708547218324 ], [ -70.441241839329521, -33.149353003313564 ], [ -70.441177897247599, -33.147022047283762 ], [ -70.437890604093525, -33.14524841478579 ], [ -70.436491290290604, -33.143800776930441 ], [ -70.433926765444468, -33.137558400803464 ], [ -70.430563325696994, -33.134903488284017 ], [ -70.430443414979635, -33.133655930471122 ], [ -70.428340588256901, -33.130376260840507 ], [ -70.425307484192246, -33.128454034131138 ], [ -70.421836635581215, -33.127862431364655 ], [ -70.417868706902681, -33.123838185037684 ], [ -70.414411536040163, -33.122990058994802 ], [ -70.406897099942412, -33.122203825501501 ], [ -70.403314138888987, -33.122589349740011 ], [ -70.397956930589245, -33.121666100808952 ], [ -70.393467885621121, -33.118243442145321 ], [ -70.391148925139348, -33.117950322962258 ], [ -70.386374704594402, -33.115291597183727 ], [ -70.382874065153601, -33.109428058636787 ], [ -70.378228707936145, -33.108994247813932 ], [ -70.373573166518312, -33.105725775891678 ], [ -70.36538365546771, -33.10721412439198 ], [ -70.350420220150767, -33.104968589110129 ], [ -70.344981452908058, -33.103324569955646 ], [ -70.34328335674671, -33.101931524617257 ], [ -70.342843724839923, -33.096996424482306 ], [ -70.338752425133507, -33.09642674506393 ], [ -70.336680035129248, -33.09678649652038 ], [ -70.333890863190106, -33.097951557228818 ], [ -70.329487723214285, -33.102094825601171 ], [ -70.324091900832059, -33.102060134533396 ], [ -70.320685467715109, -33.103415657125545 ], [ -70.320592033942418, -33.105702449559601 ], [ -70.319400425006251, -33.108906121334165 ], [ -70.317663556658914, -33.109783567976137 ], [ -70.313870247895167, -33.109670234373183 ], [ -70.311081151414513, -33.108441630765768 ], [ -70.309610584141595, -33.10884063553258 ], [ -70.30373008922254, -33.11304441136366 ], [ -70.300117073234659, -33.11280604994591 ], [ -70.298143713507301, -33.116217025103104 ], [ -70.298241941588685, -33.117934217476027 ], [ -70.296814352413875, -33.120035546179928 ], [ -70.29700572501045, -33.123132472066722 ], [ -70.295398087401566, -33.126631657524044 ], [ -70.292307538769435, -33.129732009878126 ], [ -70.287944250754578, -33.131848290346227 ], [ -70.272890205069871, -33.131067185404731 ], [ -70.271408464551442, -33.132002789175999 ], [ -70.269671758799163, -33.135487676246221 ], [ -70.269820797389627, -33.142036957635689 ], [ -70.271450398807204, -33.147558446354118 ], [ -70.270879966805154, -33.154790003308499 ], [ -70.269335613711434, -33.156462716155858 ], [ -70.269273106239012, -33.160988926427066 ], [ -70.267861462160511, -33.164286345520679 ], [ -70.265162401125835, -33.166860491733011 ], [ -70.265081769244247, -33.173948938030797 ], [ -70.266923786293901, -33.181524160531929 ], [ -70.264178382072032, -33.183454328250818 ], [ -70.260583192252639, -33.184656778196093 ], [ -70.254204188046472, -33.185120125661491 ], [ -70.248664545387243, -33.186878663935822 ], [ -70.243730837048446, -33.186996701026061 ], [ -70.242654264570902, -33.188068969228027 ], [ -70.24162438113197, -33.190776740298844 ], [ -70.239827666122082, -33.192153555762353 ], [ -70.240197348014334, -33.196734328884041 ], [ -70.237325893090102, -33.201636850337501 ], [ -70.235591123207271, -33.202682648662233 ], [ -70.231991086976947, -33.203102991247498 ], [ -70.230439953399426, -33.204007183533236 ], [ -70.226152830842537, -33.211381394993325 ], [ -70.217717516475687, -33.21785261286594 ], [ -70.217597001192104, -33.222981110264058 ], [ -70.220199999983578, -33.22427000084059 ], [ -70.220718927078806, -33.226970237947292 ], [ -70.222760000015626, -33.227910000218998 ], [ -70.223320531684919, -33.230265604129947 ], [ -70.220820298365354, -33.23735271779563 ], [ -70.216939864697167, -33.239390239161679 ], [ -70.214645385103509, -33.244201698287995 ], [ -70.212860488329525, -33.246141394198581 ], [ -70.209403837591566, -33.247935526135137 ], [ -70.208223933703536, -33.250119225131144 ], [ -70.209989948788575, -33.253380420305952 ], [ -70.210547654357995, -33.259342114059869 ], [ -70.204532417536228, -33.26267195270146 ], [ -70.203552967313968, -33.264417595149418 ], [ -70.200861190717916, -33.266763399607221 ], [ -70.198254612140062, -33.27238195970817 ], [ -70.200475368794969, -33.278628728567483 ], [ -70.199487490578704, -33.280522483833757 ], [ -70.199304061784204, -33.290314984531321 ], [ -70.198881822159635, -33.291559588018679 ], [ -70.19500802434645, -33.296088738638751 ], [ -70.192901878348749, -33.297416665447635 ], [ -70.187973659614642, -33.305025489769911 ], [ -70.18652599219493, -33.308828734474744 ], [ -70.186740371544232, -33.311363525700486 ], [ -70.182080508331552, -33.322094365772486 ], [ -70.182694849984685, -33.3253877692148 ], [ -70.181588168673784, -33.332622309328279 ], [ -70.182084277662497, -33.338059268918897 ], [ -70.179163670519188, -33.341287126864401 ], [ -70.178045162887571, -33.343918725728898 ], [ -70.175917221066129, -33.345614746973084 ], [ -70.176179754606238, -33.347259665945344 ], [ -70.179091419020892, -33.349007792689164 ], [ -70.180236877009335, -33.350687092346746 ], [ -70.177260773744408, -33.356511291469069 ], [ -70.181222718744849, -33.360078997648039 ], [ -70.18162500768527, -33.362463556487 ], [ -70.186921594076367, -33.363115298622496 ], [ -70.189996547955161, -33.364675776648347 ], [ -70.191831038919375, -33.366629481726164 ], [ -70.192065283612848, -33.369291053348135 ], [ -70.194183271202633, -33.371643041067955 ], [ -70.194432239283643, -33.373345965471245 ], [ -70.193214672629011, -33.376081930838318 ], [ -70.198438473024211, -33.380824013719497 ], [ -70.199055236535344, -33.384842515248529 ], [ -70.203181903812805, -33.391550534749996 ], [ -70.214003412170555, -33.396382632068381 ], [ -70.217771445935455, -33.400617434076153 ], [ -70.218081495862506, -33.40261101865665 ], [ -70.216953064541954, -33.40442278270946 ], [ -70.217433524878402, -33.40885041246343 ], [ -70.218980424695957, -33.41226518579267 ], [ -70.221509599039052, -33.414087760579335 ], [ -70.224131162414153, -33.414927460727412 ], [ -70.228837667054705, -33.419454962278131 ], [ -70.236175618335096, -33.423957406554024 ], [ -70.236249069084309, -33.426099430935544 ], [ -70.238314613926107, -33.42943946742259 ], [ -70.2412479627734, -33.430862829505386 ], [ -70.244179878807827, -33.435803329677114 ], [ -70.250951915713742, -33.438842116295973 ], [ -70.253602466824759, -33.439169024730035 ], [ -70.254522859105293, -33.439776268200745 ], [ -70.255483726777598, -33.442127981064935 ], [ -70.258010490940777, -33.443877695908512 ], [ -70.263733729481132, -33.444371545510862 ], [ -70.266824543116272, -33.445372586780181 ], [ -70.273062594467845, -33.449394093640265 ], [ -70.276191892828066, -33.452810304687468 ], [ -70.282551872513153, -33.455642626760209 ], [ -70.283455361194981, -33.453695420519288 ], [ -70.285336030056371, -33.452366447116013 ], [ -70.292284513152083, -33.451045751235455 ], [ -70.297575805771217, -33.451805403092322 ], [ -70.299188640134005, -33.452817023209548 ], [ -70.298985027093394, -33.457177901273077 ], [ -70.300832417865081, -33.460760938867715 ], [ -70.304653183635466, -33.464531537338182 ], [ -70.315044743026874, -33.466564884470969 ], [ -70.319578551045609, -33.471519518997525 ], [ -70.321558785579839, -33.472742880047349 ], [ -70.325261782216458, -33.47312608787211 ], [ -70.334547913446798, -33.476719402191506 ], [ -70.340418800883867, -33.484281987916681 ], [ -70.348215638560859, -33.489939511995381 ], [ -70.351299774120179, -33.490577936375828 ], [ -70.351882862486249, -33.48830741822465 ], [ -70.353816290302589, -33.486429900865836 ], [ -70.361051364720026, -33.487151877614913 ], [ -70.372740100364851, -33.482892256294278 ], [ -70.376462314660372, -33.482711626236011 ], [ -70.379299961488883, -33.483083460732026 ], [ -70.383007257462467, -33.485320693916393 ], [ -70.388507525166148, -33.486705984232728 ], [ -70.393353385456706, -33.490503198754958 ], [ -70.39684818135656, -33.489827146246135 ], [ -70.401395523393376, -33.489960275500685 ], [ -70.415668303377174, -33.483076614937431 ], [ -70.419539920080837, -33.481900329016227 ], [ -70.427768453049083, -33.484218125914744 ], [ -70.429174355096265, -33.484044922745895 ], [ -70.429316108349809, -33.482234997654317 ], [ -70.434416459563721, -33.480970191367867 ] ] ] } },
{ "type": "Feature", "properties": { "Comuna": "Lo Espejo" }, "geometry": { "type": "Polygon", "coordinates": [ [ [ -70.671230783920933, -33.510690174647394 ], [ -70.6770236059632, -33.52314691235707 ], [ -70.685763972030884, -33.53897398104592 ], [ -70.706739964495085, -33.531225239843423 ], [ -70.706002745887503, -33.524131054960748 ], [ -70.695409121252709, -33.502433902914113 ], [ -70.676671469066775, -33.508365823103276 ], [ -70.671230783920933, -33.510690174647394 ] ] ] } },
{ "type": "Feature", "properties": { "Comuna": "Lo Prado" }, "geometry": { "type": "Polygon", "coordinates": [ [ [ -70.712956882979611, -33.458445037138077 ], [ -70.738928714860961, -33.453442138039819 ], [ -70.739446381619842, -33.446633950436095 ], [ -70.740638366051797, -33.445589158256254 ], [ -70.740804364834844, -33.436389507765888 ], [ -70.730210186837837, -33.436252594473679 ], [ -70.724208195674933, -33.437686964096777 ], [ -70.722405659582009, -33.438934170478511 ], [ -70.721461958714812, -33.436629623134081 ], [ -70.710977630303987, -33.438103051875238 ], [ -70.707070393602663, -33.438054886041492 ], [ -70.707139674372343, -33.448795426965319 ], [ -70.70558601024068, -33.457160076049554 ], [ -70.712956882979611, -33.458445037138077 ] ] ] } },
{ "type": "Feature", "properties": { "Comuna": "Macul" }, "geometry": { "type": "Polygon", "coordinates": [ [ [ -70.576819552562384, -33.4702656931101 ], [ -70.580775110541168, -33.489989227527886 ], [ -70.587262181177707, -33.500310805018394 ], [ -70.589534100481302, -33.5060902674998 ], [ -70.590003282469354, -33.510157188452077 ], [ -70.61366381380337, -33.508351909307066 ], [ -70.618487535113758, -33.487526247073163 ], [ -70.619896380041823, -33.486085881778195 ], [ -70.623000471675169, -33.474931360484362 ], [ -70.598751921122485, -33.473696620437714 ], [ -70.587798663150224, -33.474423669016716 ], [ -70.576819552562384, -33.4702656931101 ] ] ] } },
{ "type": "Feature", "properties": { "Comuna": "Maipú" }, "geometry": { "type": "Polygon", "coordinates": [ [ [ -70.736946260589662, -33.471410907523833 ], [ -70.733805420674685, -33.469624492529391 ], [ -70.722372647393655, -33.47339477661442 ], [ -70.724673063953006, -33.48267963734498 ], [ -70.726631287966129, -33.482276873007294 ], [ -70.728570430864309, -33.483397202385667 ], [ -70.731456569650149, -33.482758212589538 ], [ -70.731547904958347, -33.494906627662658 ], [ -70.733336689640893, -33.496375527201231 ], [ -70.740087143623782, -33.510122776183785 ], [ -70.723336897222993, -33.51003564516413 ], [ -70.718522791479401, -33.514083481175497 ], [ -70.732825992011996, -33.531863610537634 ], [ -70.763376830645583, -33.566433012817576 ], [ -70.767418492144344, -33.571961058244163 ], [ -70.785559397978616, -33.567431658204107 ], [ -70.804642765903324, -33.550945294891484 ], [ -70.815989248814788, -33.543720322856075 ], [ -70.813727121147807, -33.541299469548768 ], [ -70.80851087827908, -33.53842806284284 ], [ -70.805584870464301, -33.535910666223906 ], [ -70.805546993898645, -33.53409354467378 ], [ -70.804202631838294, -33.532653905644096 ], [ -70.804459267040244, -33.530774868629564 ], [ -70.805248445102194, -33.530090444236521 ], [ -70.808899623319974, -33.528789566694002 ], [ -70.812888108147163, -33.530972053749061 ], [ -70.818647301756755, -33.538121033394681 ], [ -70.82529226927079, -33.537119019610415 ], [ -70.827197407342197, -33.536186773710902 ], [ -70.829226969266983, -33.536707161627987 ], [ -70.836173576680366, -33.53444218994467 ], [ -70.839000948578658, -33.534950582268984 ], [ -70.843491842279633, -33.53421545626248 ], [ -70.852249700342526, -33.537662128473357 ], [ -70.852364452035232, -33.536441722879189 ], [ -70.857969775914754, -33.530974130987516 ], [ -70.860010054740883, -33.530333080403729 ], [ -70.86977659151043, -33.531573233227491 ], [ -70.8717226047239, -33.532709102634747 ], [ -70.876539914758084, -33.531803850465032 ], [ -70.883421400601591, -33.528314422162147 ], [ -70.885707676780058, -33.528335174215144 ], [ -70.888260711275407, -33.526908930756875 ], [ -70.890300378348826, -33.523215484627165 ], [ -70.891870576871597, -33.522303699274154 ], [ -70.892358178814561, -33.520354055730088 ], [ -70.894931349945324, -33.519870728580749 ], [ -70.898719151138039, -33.517371208142201 ], [ -70.901031575477788, -33.514061834427864 ], [ -70.90494779802691, -33.511393575530953 ], [ -70.909809006034095, -33.509543025076155 ], [ -70.91212913612236, -33.509618254837484 ], [ -70.914872159808723, -33.510852095532194 ], [ -70.917649729107652, -33.510642682051397 ], [ -70.921310195007166, -33.511418267605009 ], [ -70.92311642766748, -33.509226137180093 ], [ -70.92806430333664, -33.508316809469193 ], [ -70.930061602267998, -33.505788664652101 ], [ -70.930046511469541, -33.502126599606321 ], [ -70.92830999616011, -33.498491270261745 ], [ -70.926151974251397, -33.496749172836886 ], [ -70.924221986084277, -33.490342349331272 ], [ -70.921425786624653, -33.488317463411136 ], [ -70.91516846641025, -33.487480161502575 ], [ -70.910825225199261, -33.483876407923887 ], [ -70.906073163397394, -33.48292181457181 ], [ -70.894995921746244, -33.478490988810925 ], [ -70.89194929893489, -33.478048062958464 ], [ -70.88582298722487, -33.478337223248218 ], [ -70.879128862101865, -33.476677044603861 ], [ -70.876736215512281, -33.476762212331614 ], [ -70.870173255200541, -33.47847662064602 ], [ -70.860157953369253, -33.479899937047065 ], [ -70.849528084407694, -33.479912210776973 ], [ -70.848346782741075, -33.479293561224857 ], [ -70.847943477806069, -33.476803371757974 ], [ -70.843857054155023, -33.471382488062297 ], [ -70.842144673882345, -33.467737143149428 ], [ -70.840667611789911, -33.466926970658257 ], [ -70.834943250355437, -33.466865074973356 ], [ -70.829194207708568, -33.465628525624062 ], [ -70.826769957488978, -33.466985826822047 ], [ -70.818533170799924, -33.466862224335607 ], [ -70.814544889890286, -33.466039729004777 ], [ -70.8097418864253, -33.462536930809534 ], [ -70.806449800759182, -33.46097840045983 ], [ -70.804705040712079, -33.463071358237386 ], [ -70.796626262291596, -33.463133848666239 ], [ -70.796661423250129, -33.460440851474779 ], [ -70.783868202675265, -33.462471087058887 ], [ -70.777196057530645, -33.462896427363553 ], [ -70.775809145868536, -33.458210664513039 ], [ -70.765051553541554, -33.4592583706225 ], [ -70.763462496686031, -33.463821444248786 ], [ -70.737915610154886, -33.468452626567455 ], [ -70.736946260589662, -33.471410907523833 ] ] ] } },
{ "type": "Feature", "properties": { "Comuna": "Ñuñoa" }, "geometry": { "type": "Polygon", "coordinates": [ [ [ -70.576808772778989, -33.470235513050255 ], [ -70.587798663150224, -33.474423669016716 ], [ -70.598751921122485, -33.473696620437714 ], [ -70.623000471675169, -33.474931360484362 ], [ -70.624512711794139, -33.469997801717604 ], [ -70.626071072318098, -33.46857952623634 ], [ -70.631526591344226, -33.449836012409627 ], [ -70.618764670768783, -33.447265749333546 ], [ -70.618432455810421, -33.448377147848035 ], [ -70.613744319022501, -33.447565690352008 ], [ -70.613890790227899, -33.44683327756632 ], [ -70.608765304152328, -33.445744295148806 ], [ -70.599183100780763, -33.444679125668664 ], [ -70.592792666410915, -33.447771845936067 ], [ -70.587000786701395, -33.439208199027185 ], [ -70.58224166144646, -33.433775502163321 ], [ -70.573607999963187, -33.437935975470758 ], [ -70.570810662338118, -33.453509013206514 ], [ -70.572250306005699, -33.459013801723763 ], [ -70.576808772778989, -33.470235513050255 ] ] ] } },
{ "type": "Feature", "properties": { "Comuna": "Pedro Aguirre Cerda" }, "geometry": { "type": "Polygon", "coordinates": [ [ [ -70.671230783920933, -33.510690174647394 ], [ -70.676671469066775, -33.508365823103276 ], [ -70.695409121252709, -33.502433902914113 ], [ -70.686137366660191, -33.482058041285072 ], [ -70.685696365720915, -33.478111451467434 ], [ -70.671688079401164, -33.478469765496037 ], [ -70.671728248467417, -33.476387174434279 ], [ -70.67119829455207, -33.476283654544325 ], [ -70.66106340988847, -33.476124935195514 ], [ -70.655067341318244, -33.476724743157369 ], [ -70.671230783920933, -33.510690174647394 ] ] ] } },
{ "type": "Feature", "properties": { "Comuna": "Pudahuel" }, "geometry": { "type": "Polygon", "coordinates": [ [ [ -70.756567855015177, -33.383780237248281 ], [ -70.782372515812042, -33.405248934659376 ], [ -70.782108414711786, -33.416960831770794 ], [ -70.781020782176469, -33.417405901456064 ], [ -70.775655069525939, -33.424495325598315 ], [ -70.772094061501448, -33.425655512421891 ], [ -70.767096711118, -33.426842128788486 ], [ -70.766651250043324, -33.425894889012163 ], [ -70.762878208170719, -33.427697599607619 ], [ -70.756949101818392, -33.427317882629197 ], [ -70.746686758792407, -33.429974951214319 ], [ -70.740770161480413, -33.429900354003387 ], [ -70.740638366051797, -33.445589158256254 ], [ -70.739446381619842, -33.446633950436095 ], [ -70.738928714860961, -33.453442138039819 ], [ -70.731292878639081, -33.454913807748262 ], [ -70.731405503121195, -33.468140947758656 ], [ -70.736946260589662, -33.471410907523833 ], [ -70.737915610154886, -33.468452626567455 ], [ -70.763462496686031, -33.463821444248786 ], [ -70.765051553541554, -33.4592583706225 ], [ -70.775809145868536, -33.458210664513039 ], [ -70.777196057530645, -33.462896427363553 ], [ -70.783868202675265, -33.462471087058887 ], [ -70.796661423250129, -33.460440851474779 ], [ -70.796626262291596, -33.463133848666239 ], [ -70.804705040712079, -33.463071358237386 ], [ -70.806449800759182, -33.46097840045983 ], [ -70.8097418864253, -33.462536930809534 ], [ -70.814544889890286, -33.466039729004777 ], [ -70.818533170799924, -33.466862224335607 ], [ -70.826769957488978, -33.466985826822047 ], [ -70.829194207708568, -33.465628525624062 ], [ -70.834943250355437, -33.466865074973356 ], [ -70.840667611789911, -33.466926970658257 ], [ -70.842144673882345, -33.467737143149428 ], [ -70.843857054155023, -33.471382488062297 ], [ -70.847943477806069, -33.476803371757974 ], [ -70.848346782741075, -33.479293561224857 ], [ -70.849528084407694, -33.479912210776973 ], [ -70.860157953369253, -33.479899937047065 ], [ -70.870173255200541, -33.47847662064602 ], [ -70.876736215512281, -33.476762212331614 ], [ -70.879128862101865, -33.476677044603861 ], [ -70.88582298722487, -33.478337223248218 ], [ -70.89194929893489, -33.478048062958464 ], [ -70.894995921746244, -33.478490988810925 ], [ -70.906073163397394, -33.48292181457181 ], [ -70.910825225199261, -33.483876407923887 ], [ -70.91516846641025, -33.487480161502575 ], [ -70.921425786624653, -33.488317463411136 ], [ -70.929295246804173, -33.477223291050947 ], [ -70.93256803755628, -33.475507565385705 ], [ -70.937729631414712, -33.475371472893009 ], [ -70.938824014789375, -33.473967099029281 ], [ -70.942413742851841, -33.471635823786059 ], [ -70.943868694710176, -33.471557529197028 ], [ -70.948062511953452, -33.46960496433249 ], [ -70.948700730826843, -33.468540620738814 ], [ -70.948481469133981, -33.464659778175381 ], [ -70.95042214815129, -33.462631588795048 ], [ -70.950522259101504, -33.461187282054276 ], [ -70.949348733251981, -33.459041649665878 ], [ -70.949887496945308, -33.45353963829367 ], [ -70.95149338733097, -33.451350340404005 ], [ -70.953842029946344, -33.449815054905294 ], [ -70.95492588506589, -33.447966737658085 ], [ -70.955118392234638, -33.444745367459547 ], [ -70.953793818263364, -33.437386369724187 ], [ -70.949667185121896, -33.436274025281065 ], [ -70.948310874569927, -33.431803064016769 ], [ -70.948358979353401, -33.427340975524231 ], [ -70.947054654306953, -33.421877725011946 ], [ -70.946764885644072, -33.417173089276183 ], [ -70.948881244588222, -33.415993486524734 ], [ -70.951443361051105, -33.412967396408135 ], [ -70.950237847990948, -33.408844000237565 ], [ -70.950474483999727, -33.403751824357464 ], [ -70.952026579672889, -33.401558862299709 ], [ -70.952015214187924, -33.399404974154912 ], [ -70.950409692111535, -33.396734965129617 ], [ -70.948746226004403, -33.391760773768318 ], [ -70.948319518159607, -33.386305798917171 ], [ -70.943662234010134, -33.381511473112781 ], [ -70.93330828887629, -33.37885783531744 ], [ -70.931794085938421, -33.377258930059995 ], [ -70.923507697872623, -33.37547897851703 ], [ -70.917420198772788, -33.372805427369592 ], [ -70.91396281500954, -33.369804623481997 ], [ -70.911105723248411, -33.369201369569673 ], [ -70.910257995691211, -33.368429950817443 ], [ -70.907325487667023, -33.368450307527517 ], [ -70.901993077360686, -33.371008783363422 ], [ -70.899702845900009, -33.373199147836345 ], [ -70.892476221934473, -33.375464706566568 ], [ -70.88774167278909, -33.375190572138351 ], [ -70.881510068646307, -33.37607840582249 ], [ -70.87796979463684, -33.37540156187849 ], [ -70.875658525530554, -33.373574653541489 ], [ -70.874390867019059, -33.373593808002433 ], [ -70.870890946230489, -33.375464165695256 ], [ -70.862917932756616, -33.375717091317739 ], [ -70.853286870016746, -33.379532416966128 ], [ -70.850585458090961, -33.381236992437039 ], [ -70.847603698134705, -33.381732583812074 ], [ -70.83919498468002, -33.385288496564279 ], [ -70.837557694581946, -33.384584601067502 ], [ -70.836982797952928, -33.382376559735043 ], [ -70.832565714327274, -33.380890344737288 ], [ -70.832892741514883, -33.378846258421213 ], [ -70.83223654645434, -33.377791996014011 ], [ -70.829508253341999, -33.376192067444009 ], [ -70.827746298642055, -33.371789453970756 ], [ -70.825443364104956, -33.371104023554196 ], [ -70.823983524513139, -33.369504360573032 ], [ -70.82285097621363, -33.365730144014186 ], [ -70.820770159113678, -33.362689599172342 ], [ -70.81912904039585, -33.362777231651528 ], [ -70.811214011376933, -33.359339331310331 ], [ -70.811223511061073, -33.358021910705546 ], [ -70.807189725990725, -33.353495735587124 ], [ -70.804131791593306, -33.351624238538058 ], [ -70.803640718560089, -33.350476203254424 ], [ -70.768771326216125, -33.376275441910252 ], [ -70.763412783918199, -33.378985858448694 ], [ -70.756567855015177, -33.383780237248281 ] ] ] } },
{ "type": "Feature", "properties": { "Comuna": "Quilicura" }, "geometry": { "type": "Polygon", "coordinates": [ [ [ -70.696176010315824, -33.382086414219479 ], [ -70.704893631040491, -33.383717980712177 ], [ -70.71123916401919, -33.391158943459416 ], [ -70.716222464751596, -33.390209422133871 ], [ -70.719533852518225, -33.391928125787501 ], [ -70.72340781831636, -33.392407839005934 ], [ -70.725876839671372, -33.391101430918305 ], [ -70.727546864378439, -33.391447498634619 ], [ -70.728453127057875, -33.392747965119277 ], [ -70.730188489828791, -33.39145168980437 ], [ -70.732049377787604, -33.391548877934788 ], [ -70.737139449579729, -33.393343176052426 ], [ -70.740396866564083, -33.389876881782506 ], [ -70.748493444203604, -33.389232313370101 ], [ -70.750773130341159, -33.388187021579853 ], [ -70.751009316293974, -33.385626523305632 ], [ -70.756567855015177, -33.383780237248281 ], [ -70.763412783918199, -33.378985858448694 ], [ -70.768771326216125, -33.376275441910252 ], [ -70.803640718560089, -33.350476203254424 ], [ -70.801878525806586, -33.347701558123184 ], [ -70.798794182736444, -33.34490293532442 ], [ -70.797876684827756, -33.338472729053002 ], [ -70.793490603859169, -33.341266057614888 ], [ -70.718833903215128, -33.324609022072636 ], [ -70.718258249306345, -33.325887431639622 ], [ -70.708496788916463, -33.322818839908066 ], [ -70.708987185518268, -33.321140603996994 ], [ -70.710731423644205, -33.318969879578027 ], [ -70.707272263911648, -33.318909910464491 ], [ -70.699490110096278, -33.320468196989594 ], [ -70.694662628438138, -33.323672948281697 ], [ -70.692091625840462, -33.324048507774194 ], [ -70.690438144507695, -33.325432896020821 ], [ -70.689398527822647, -33.328608735094662 ], [ -70.686678694145328, -33.328791614814953 ], [ -70.685014741151306, -33.329641122237867 ], [ -70.683731865178885, -33.329220793778468 ], [ -70.681291111110923, -33.330999975685295 ], [ -70.681147514514421, -33.335751924337082 ], [ -70.680097250996624, -33.337548747589821 ], [ -70.680406473575303, -33.338379387158838 ], [ -70.685248363312297, -33.340678680158234 ], [ -70.687445544580882, -33.34255252876406 ], [ -70.688691062315598, -33.347491186335098 ], [ -70.693358337527656, -33.351607924658722 ], [ -70.689438435479133, -33.363803199592944 ], [ -70.689282984714183, -33.366237451843226 ], [ -70.700316421817121, -33.36616938107791 ], [ -70.693552193067646, -33.38134403052964 ], [ -70.694689088314817, -33.38168973877756 ], [ -70.694052476527489, -33.383420383682548 ], [ -70.695476638629458, -33.383779494652657 ], [ -70.696176010315824, -33.382086414219479 ] ] ] } },
{ "type": "Feature", "properties": { "Comuna": "Quinta Normal" }, "geometry": { "type": "Polygon", "coordinates": [ [ [ -70.693046031930919, -33.415146135713734 ], [ -70.691127169398598, -33.418019622520717 ], [ -70.671386669470508, -33.426515008227476 ], [ -70.671825642013872, -33.428308675661981 ], [ -70.67665653816843, -33.426827591622512 ], [ -70.678166069866819, -33.426855931971517 ], [ -70.679875829753811, -33.427911241830081 ], [ -70.680717769465659, -33.42981657816209 ], [ -70.680071474737872, -33.438450942839133 ], [ -70.681339656068857, -33.436155697742116 ], [ -70.683818556197068, -33.436682637680008 ], [ -70.685446882006943, -33.438802177219564 ], [ -70.691551348485888, -33.439503367368623 ], [ -70.692314309216258, -33.447935989926584 ], [ -70.698261736708801, -33.447717270119128 ], [ -70.707139674372343, -33.448795426965319 ], [ -70.707070393602663, -33.438054886041492 ], [ -70.710977630303987, -33.438103051875238 ], [ -70.721461958714812, -33.436629623134081 ], [ -70.716691486839508, -33.416407518834291 ], [ -70.715919999300468, -33.415124537727387 ], [ -70.722700061755148, -33.411413296457212 ], [ -70.712468892964452, -33.407779171246034 ], [ -70.705272500003147, -33.407615144022657 ], [ -70.695660000050324, -33.413020000244487 ], [ -70.693046031930919, -33.415146135713734 ] ] ] } },
{ "type": "Feature", "properties": { "Comuna": "Recoleta" }, "geometry": { "type": "Polygon", "coordinates": [ [ [ -70.651605828897956, -33.432150896274059 ], [ -70.650112706724883, -33.417699691576878 ], [ -70.652911435840323, -33.417470382527526 ], [ -70.653558403406265, -33.409303455154756 ], [ -70.653105736944696, -33.406478598994013 ], [ -70.657211499527179, -33.405254003309629 ], [ -70.65817540350514, -33.400553319218822 ], [ -70.657155337753935, -33.392071724195489 ], [ -70.657733324587525, -33.378398468473755 ], [ -70.656824648134915, -33.376536384374006 ], [ -70.641379394228807, -33.382694988530801 ], [ -70.610561237627905, -33.405017003285792 ], [ -70.612111707350408, -33.407996847382634 ], [ -70.616764882605793, -33.410270621461997 ], [ -70.622401345686313, -33.416259180565483 ], [ -70.627113690274513, -33.419437523692139 ], [ -70.630323678008509, -33.42002244545484 ], [ -70.632347401782255, -33.421598535806559 ], [ -70.6362427447892, -33.430767294941752 ], [ -70.635364302934121, -33.435924306197315 ], [ -70.651605828897956, -33.432150896274059 ] ] ] } },
{ "type": "Feature", "properties": { "Comuna": "Renca" }, "geometry": { "type": "Polygon", "coordinates": [ [ [ -70.696176010315824, -33.382086414219479 ], [ -70.695476638629458, -33.383779494652657 ], [ -70.694052476527489, -33.383420383682548 ], [ -70.694689088314817, -33.38168973877756 ], [ -70.693552193067646, -33.38134403052964 ], [ -70.689931000614038, -33.389387336465944 ], [ -70.680598789402907, -33.405419006874389 ], [ -70.678701991290581, -33.417330762580917 ], [ -70.677127656025931, -33.42001238860496 ], [ -70.671182731239767, -33.42595104849611 ], [ -70.671386669470508, -33.426515008227476 ], [ -70.691127169398598, -33.418019622520717 ], [ -70.693046031930919, -33.415146135713734 ], [ -70.695660000050324, -33.413020000244487 ], [ -70.705272500003147, -33.407615144022657 ], [ -70.712468892964452, -33.407779171246034 ], [ -70.716666498403256, -33.409686630595459 ], [ -70.719602937537928, -33.410146944384572 ], [ -70.727876057404188, -33.413898511020946 ], [ -70.731961471348868, -33.412713209944798 ], [ -70.737097721038154, -33.412260176789744 ], [ -70.751850000161042, -33.4121700004399 ], [ -70.762361109147079, -33.41266326788049 ], [ -70.771920747737028, -33.414616484114127 ], [ -70.776703422327145, -33.413599117989207 ], [ -70.782262435358817, -33.413701661439156 ], [ -70.782372515812042, -33.405248934659376 ], [ -70.756567855015177, -33.383780237248281 ], [ -70.751009316293974, -33.385626523305632 ], [ -70.750773130341159, -33.388187021579853 ], [ -70.748493444203604, -33.389232313370101 ], [ -70.740396866564083, -33.389876881782506 ], [ -70.737139449579729, -33.393343176052426 ], [ -70.732049377787604, -33.391548877934788 ], [ -70.730188489828791, -33.39145168980437 ], [ -70.728453127057875, -33.392747965119277 ], [ -70.727546864378439, -33.391447498634619 ], [ -70.725876839671372, -33.391101430918305 ], [ -70.72340781831636, -33.392407839005934 ], [ -70.719533852518225, -33.391928125787501 ], [ -70.716222464751596, -33.390209422133871 ], [ -70.71123916401919, -33.391158943459416 ], [ -70.704893631040491, -33.383717980712177 ], [ -70.696176010315824, -33.382086414219479 ] ] ] } },
{ "type": "Feature", "properties": { "Comuna": "El Monte" }, "geometry": { "type": "Polygon", "coordinates": [ [ [ -70.967858861939376, -33.624062290393574 ], [ -70.96702088918785, -33.62483915120977 ], [ -70.966729622135077, -33.632096833525559 ], [ -70.962641397361878, -33.639115236948427 ], [ -70.962536023182423, -33.641009766239812 ], [ -70.960814675028246, -33.64277673427474 ], [ -70.960903235440526, -33.64467609031545 ], [ -70.959123212925263, -33.647580537274735 ], [ -70.956639118738096, -33.649295566021436 ], [ -70.956087014164453, -33.651135110495829 ], [ -70.954189112920986, -33.652530558196858 ], [ -70.947613231242187, -33.653813560825178 ], [ -70.935843711002178, -33.659304841352601 ], [ -70.936921309355753, -33.661025763093306 ], [ -70.936632001528622, -33.663016236101718 ], [ -70.940050751446421, -33.66404872630558 ], [ -70.945858452284725, -33.667339858275461 ], [ -70.951284725758455, -33.667688712885493 ], [ -70.953841794587746, -33.669168850068694 ], [ -70.956862854939374, -33.672286155907685 ], [ -70.967335006686497, -33.675812532268573 ], [ -70.974181026144265, -33.68060621078309 ], [ -70.976378619739592, -33.680943522902531 ], [ -70.98006020592976, -33.685290892926673 ], [ -70.984329478063614, -33.686929065521063 ], [ -70.985544665081051, -33.688119817110412 ], [ -70.987713327534308, -33.688798589978461 ], [ -70.992672803148736, -33.688966953946917 ], [ -70.99888381880352, -33.6926833477782 ], [ -71.003122020906659, -33.692956107335348 ], [ -71.004464607896026, -33.694020349020469 ], [ -71.005026014524404, -33.695811057582532 ], [ -71.006397953067349, -33.697340250025952 ], [ -71.008035909715375, -33.697530877365978 ], [ -71.010859677572739, -33.699222626868952 ], [ -71.011299890689514, -33.701387648435386 ], [ -71.013886295801029, -33.705627676829288 ], [ -71.018164525934921, -33.705992251828199 ], [ -71.020540095550942, -33.708342761336979 ], [ -71.021844224764664, -33.7085386632452 ], [ -71.025365457185032, -33.712235624166553 ], [ -71.026173136948557, -33.716316020141385 ], [ -71.028683568841558, -33.718872603327824 ], [ -71.031372615457443, -33.719684079361492 ], [ -71.034500792720195, -33.718960219868286 ], [ -71.037625874388482, -33.716555385693738 ], [ -71.042285665735903, -33.715653211603424 ], [ -71.046353661347212, -33.716013698606062 ], [ -71.052151567853983, -33.71914180678953 ], [ -71.060105875708686, -33.719895600683174 ], [ -71.061809579154058, -33.720784007555913 ], [ -71.068945554124284, -33.72171901284694 ], [ -71.071984944599293, -33.720353932575691 ], [ -71.078080350670291, -33.720602943396898 ], [ -71.080543537467548, -33.719614031409058 ], [ -71.082329295725899, -33.717841907317066 ], [ -71.085574866626615, -33.717450952482118 ], [ -71.088388515860601, -33.715844714394173 ], [ -71.097278404710693, -33.707702096234918 ], [ -71.102692895881134, -33.705426642482905 ], [ -71.102348533903495, -33.698908839597863 ], [ -71.100893004428428, -33.695402676296432 ], [ -71.100824496209924, -33.692588679414335 ], [ -71.11324507135042, -33.684646939631108 ], [ -71.114167726487167, -33.683279748951854 ], [ -71.105749595095048, -33.685424910909269 ], [ -71.09789178157321, -33.634184876568938 ], [ -71.090010972976728, -33.633190779504652 ], [ -71.086937958560625, -33.631485002998694 ], [ -71.083186622680245, -33.627725661872518 ], [ -71.073620176657073, -33.628407939138668 ], [ -71.069473755426515, -33.630959187729694 ], [ -71.0650349747918, -33.632567671034515 ], [ -71.062605234967506, -33.632472836273365 ], [ -71.060702069596459, -33.637122040725309 ], [ -71.059628193861414, -33.637978497570622 ], [ -71.054362138511891, -33.637805746837103 ], [ -71.051424822704291, -33.636680163163675 ], [ -71.048262469934883, -33.636561009453686 ], [ -71.040506681673122, -33.639443716223845 ], [ -71.036031558795258, -33.642938023909132 ], [ -71.033505879796948, -33.640893686287072 ], [ -71.032061972725018, -33.632853348210311 ], [ -71.030554605966472, -33.629394809160807 ], [ -71.027764014689168, -33.627150219949677 ], [ -71.018663417904364, -33.628253478280577 ], [ -71.011472893636821, -33.62565080139138 ], [ -71.002713788712327, -33.616870032283252 ], [ -71.002161012198869, -33.615161136993713 ], [ -70.999193125823837, -33.615065998795309 ], [ -70.994770373828757, -33.61370597354933 ], [ -70.990159768836364, -33.614925476490278 ], [ -70.987650583804964, -33.616588176421388 ], [ -70.983202503810432, -33.616611880141974 ], [ -70.977645871314252, -33.618036974506197 ], [ -70.975627093664457, -33.619548503442481 ], [ -70.974593975392168, -33.621511862363604 ], [ -70.97228661216073, -33.623132843537768 ], [ -70.967858861939376, -33.624062290393574 ] ] ] } },
{ "type": "Feature", "properties": { "Comuna": "Padre Hurtado" }, "geometry": { "type": "Polygon", "coordinates": [ [ [ -70.935369300819161, -33.588115029747776 ], [ -70.935701948765512, -33.583819148506471 ], [ -70.937320358971263, -33.582258912021175 ], [ -70.936359124786321, -33.57751006024673 ], [ -70.939036943359483, -33.574891407866417 ], [ -70.94330902632187, -33.572199874933204 ], [ -70.94630055096529, -33.568335471300678 ], [ -70.948149908149119, -33.566922534057944 ], [ -70.948780124829952, -33.564526709118411 ], [ -70.948432443577332, -33.56064935019657 ], [ -70.945789742843601, -33.559948300763807 ], [ -70.942697549396186, -33.558310540316178 ], [ -70.941480576527951, -33.556648688755196 ], [ -70.938054892514458, -33.555184688212307 ], [ -70.935803391917275, -33.551245178597263 ], [ -70.932985623907697, -33.550422627699042 ], [ -70.931165452089118, -33.547303801060558 ], [ -70.929327948175455, -33.546288202413457 ], [ -70.928565491399951, -33.54094244061352 ], [ -70.926560865809165, -33.537592159228865 ], [ -70.926856951425123, -33.533869860685002 ], [ -70.923012754897172, -33.524372702101935 ], [ -70.922807233834902, -33.517969016091989 ], [ -70.922204209157712, -33.516643503804531 ], [ -70.920060266544425, -33.514808086862253 ], [ -70.919737128163689, -33.511259015699693 ], [ -70.917649729107652, -33.510642682051397 ], [ -70.914872159808723, -33.510852095532194 ], [ -70.91212913612236, -33.509618254837484 ], [ -70.909809006034095, -33.509543025076155 ], [ -70.90494779802691, -33.511393575530953 ], [ -70.901031575477788, -33.514061834427864 ], [ -70.898719151138039, -33.517371208142201 ], [ -70.894931349945324, -33.519870728580749 ], [ -70.892358178814561, -33.520354055730088 ], [ -70.891870576871597, -33.522303699274154 ], [ -70.890300378348826, -33.523215484627165 ], [ -70.888260711275407, -33.526908930756875 ], [ -70.885707676780058, -33.528335174215144 ], [ -70.883421400601591, -33.528314422162147 ], [ -70.876539914758084, -33.531803850465032 ], [ -70.8717226047239, -33.532709102634747 ], [ -70.86977659151043, -33.531573233227491 ], [ -70.860010054740883, -33.530333080403729 ], [ -70.857969775914754, -33.530974130987516 ], [ -70.852364452035232, -33.536441722879189 ], [ -70.852249700342526, -33.537662128473357 ], [ -70.843491842279633, -33.53421545626248 ], [ -70.839000948578658, -33.534950582268984 ], [ -70.836173576680366, -33.53444218994467 ], [ -70.829226969266983, -33.536707161627987 ], [ -70.827197407342197, -33.536186773710902 ], [ -70.82529226927079, -33.537119019610415 ], [ -70.818647301756755, -33.538121033394681 ], [ -70.812888108147163, -33.530972053749061 ], [ -70.808899623319974, -33.528789566694002 ], [ -70.805248445102194, -33.530090444236521 ], [ -70.804459267040244, -33.530774868629564 ], [ -70.804202631838294, -33.532653905644096 ], [ -70.805546993898645, -33.53409354467378 ], [ -70.805584870464301, -33.535910666223906 ], [ -70.80851087827908, -33.53842806284284 ], [ -70.813727121147807, -33.541299469548768 ], [ -70.815989248814788, -33.543720322856075 ], [ -70.804642765903324, -33.550945294891484 ], [ -70.785559397978616, -33.567431658204107 ], [ -70.778664158029784, -33.569180828118213 ], [ -70.788667388300297, -33.578293567361584 ], [ -70.798069358184819, -33.57333229058824 ], [ -70.805821529829259, -33.587390471385362 ], [ -70.808592486629379, -33.593694433626695 ], [ -70.811109513054888, -33.596199072718832 ], [ -70.81417874825857, -33.59353897595004 ], [ -70.819085645479433, -33.598617284241207 ], [ -70.835021004034871, -33.585687690269133 ], [ -70.832111392270647, -33.583589639242042 ], [ -70.833494290260049, -33.582392721472559 ], [ -70.848024742999939, -33.580594658761939 ], [ -70.849466336011687, -33.576865008035497 ], [ -70.85635747964281, -33.575696189117515 ], [ -70.868392561643759, -33.575444926582421 ], [ -70.878564747951216, -33.583631876386399 ], [ -70.88138171107029, -33.580705458453075 ], [ -70.884011679083201, -33.581394112950314 ], [ -70.886350727691351, -33.583053323971512 ], [ -70.887723648092916, -33.581292023136797 ], [ -70.889499538357867, -33.583002241520063 ], [ -70.88998237024667, -33.584501860122757 ], [ -70.892332257927038, -33.585892556835269 ], [ -70.892802894287541, -33.589238931740809 ], [ -70.893633818857353, -33.589908571589149 ], [ -70.898826599527496, -33.587738611964681 ], [ -70.909637201439381, -33.586373551100188 ], [ -70.912525460249284, -33.58733417859483 ], [ -70.916235032553828, -33.586033212517833 ], [ -70.920052932698454, -33.585587220476462 ], [ -70.930019169447249, -33.588821652959901 ], [ -70.935369300819161, -33.588115029747776 ] ] ] } },
{ "type": "Feature", "properties": { "Comuna": "Peñaflor" }, "geometry": { "type": "Polygon", "coordinates": [ [ [ -70.848024742999939, -33.580594658761939 ], [ -70.833494290260049, -33.582392721472559 ], [ -70.832111392270647, -33.583589639242042 ], [ -70.835021004034871, -33.585687690269133 ], [ -70.819085645479433, -33.598617284241207 ], [ -70.825325097304543, -33.610796570218561 ], [ -70.835161907482131, -33.621262150065569 ], [ -70.840957020228373, -33.628386635189287 ], [ -70.843365648745163, -33.629909604469447 ], [ -70.843681544009769, -33.631654712526711 ], [ -70.845712465085569, -33.633907953861296 ], [ -70.84952069935774, -33.63620830405236 ], [ -70.873733113381491, -33.631508570233684 ], [ -70.911968972795407, -33.63630044596114 ], [ -70.913827392183833, -33.640691407168632 ], [ -70.92179896386169, -33.64075188461613 ], [ -70.92158764776751, -33.639171447318574 ], [ -70.931777812058741, -33.639012539380246 ], [ -70.933949500936194, -33.640157043031842 ], [ -70.934608500537053, -33.641419083422775 ], [ -70.934210625019617, -33.643535432339085 ], [ -70.935154922368184, -33.645941104383539 ], [ -70.941418805674061, -33.645656717256522 ], [ -70.942177357473028, -33.646389489838185 ], [ -70.947173343315541, -33.645814396963971 ], [ -70.949705892629154, -33.646239931062276 ], [ -70.952013829884081, -33.644931229089146 ], [ -70.957895480934894, -33.64415548653394 ], [ -70.960814675028246, -33.64277673427474 ], [ -70.962536023182423, -33.641009766239812 ], [ -70.962641397361878, -33.639115236948427 ], [ -70.966729622135077, -33.632096833525559 ], [ -70.96702088918785, -33.62483915120977 ], [ -70.967858861939376, -33.624062290393574 ], [ -70.96474746700278, -33.622680311094236 ], [ -70.958912920910521, -33.616903642739558 ], [ -70.957833741522037, -33.614582576866006 ], [ -70.956159893585152, -33.613702452209893 ], [ -70.954523730872737, -33.609433766333041 ], [ -70.95447943674273, -33.604949024550649 ], [ -70.950181668251417, -33.59895678603467 ], [ -70.945830207455572, -33.598166423350627 ], [ -70.941945876895659, -33.595316650275322 ], [ -70.93669597774651, -33.592583653331459 ], [ -70.935369300819161, -33.588115029747776 ], [ -70.930019169447249, -33.588821652959901 ], [ -70.920052932698454, -33.585587220476462 ], [ -70.916235032553828, -33.586033212517833 ], [ -70.912525460249284, -33.58733417859483 ], [ -70.909637201439381, -33.586373551100188 ], [ -70.898826599527496, -33.587738611964681 ], [ -70.893633818857353, -33.589908571589149 ], [ -70.892802894287541, -33.589238931740809 ], [ -70.892332257927038, -33.585892556835269 ], [ -70.88998237024667, -33.584501860122757 ], [ -70.889499538357867, -33.583002241520063 ], [ -70.887723648092916, -33.581292023136797 ], [ -70.886350727691351, -33.583053323971512 ], [ -70.884011679083201, -33.581394112950314 ], [ -70.88138171107029, -33.580705458453075 ], [ -70.878564747951216, -33.583631876386399 ], [ -70.868392561643759, -33.575444926582421 ], [ -70.85635747964281, -33.575696189117515 ], [ -70.849466336011687, -33.576865008035497 ], [ -70.848024742999939, -33.580594658761939 ] ] ] } },
{ "type": "Feature", "properties": { "Comuna": "Talagante" }, "geometry": { "type": "Polygon", "coordinates": [ [ [ -70.802464791513827, -33.668411890427215 ], [ -70.803298172975943, -33.669706170360101 ], [ -70.803548459783784, -33.672147261786705 ], [ -70.801966594840394, -33.672643128027971 ], [ -70.799451939068945, -33.677976748677104 ], [ -70.799129380101547, -33.680285757848473 ], [ -70.795620423159534, -33.683513336445706 ], [ -70.796325849490927, -33.686686255271667 ], [ -70.793854061324808, -33.690268950522871 ], [ -70.792776426140307, -33.694696493008074 ], [ -70.791445950237616, -33.696047573680318 ], [ -70.79183904671774, -33.698124193015552 ], [ -70.795686718827525, -33.703350346135672 ], [ -70.797704944911729, -33.704378690153064 ], [ -70.798994671436489, -33.707400351173838 ], [ -70.804301417773459, -33.711711979953918 ], [ -70.804692125633252, -33.714162374892553 ], [ -70.805702867770108, -33.715075211870619 ], [ -70.80683643835242, -33.718668024660332 ], [ -70.806359968332458, -33.720246552282859 ], [ -70.811894528323791, -33.722835785058528 ], [ -70.818434735207703, -33.719823240366985 ], [ -70.823649000884487, -33.720436963659608 ], [ -70.82438778615392, -33.721047312062979 ], [ -70.83047589880313, -33.718931786214455 ], [ -70.833822743074009, -33.714646537742198 ], [ -70.843851496278361, -33.708567363384276 ], [ -70.846114109035625, -33.709270207411429 ], [ -70.849097819234373, -33.714823847686731 ], [ -70.858642016682893, -33.710850097454987 ], [ -70.899484861611498, -33.696535074835786 ], [ -70.915612547672637, -33.714251892717485 ], [ -70.915442711286701, -33.716387462098162 ], [ -70.921776196060804, -33.71709681830184 ], [ -70.923022390226905, -33.716647859984342 ], [ -70.930786242664979, -33.718148293156098 ], [ -70.933039097023297, -33.719411678887667 ], [ -70.936336518682197, -33.71972891572959 ], [ -70.939647764515016, -33.71897399285961 ], [ -70.941195916584093, -33.717879949596814 ], [ -70.946966285235817, -33.715894180293574 ], [ -70.955577470870693, -33.714214732060086 ], [ -70.961768025598261, -33.71625586930174 ], [ -70.967688977044432, -33.715290580795944 ], [ -70.975855576563717, -33.71577143307767 ], [ -70.981963294045684, -33.718164413977135 ], [ -70.982948347060358, -33.719646222436175 ], [ -70.986081142561972, -33.720696073832272 ], [ -70.989078764969534, -33.723795747471627 ], [ -70.990328117612194, -33.724050700088426 ], [ -70.992682746600622, -33.723065197494783 ], [ -70.996042611951552, -33.723637477786433 ], [ -70.998116081730799, -33.723145504815179 ], [ -71.001901762001125, -33.72079202400954 ], [ -71.017479463512714, -33.716763978931056 ], [ -71.026173136948557, -33.716316020141385 ], [ -71.025365457185032, -33.712235624166553 ], [ -71.021844224764664, -33.7085386632452 ], [ -71.020540095550942, -33.708342761336979 ], [ -71.018164525934921, -33.705992251828199 ], [ -71.013886295801029, -33.705627676829288 ], [ -71.011299890689514, -33.701387648435386 ], [ -71.010859677572739, -33.699222626868952 ], [ -71.008035909715375, -33.697530877365978 ], [ -71.006397953067349, -33.697340250025952 ], [ -71.005026014524404, -33.695811057582532 ], [ -71.004464607896026, -33.694020349020469 ], [ -71.003122020906659, -33.692956107335348 ], [ -70.99888381880352, -33.6926833477782 ], [ -70.992672803148736, -33.688966953946917 ], [ -70.987713327534308, -33.688798589978461 ], [ -70.985544665081051, -33.688119817110412 ], [ -70.984329478063614, -33.686929065521063 ], [ -70.98006020592976, -33.685290892926673 ], [ -70.976378619739592, -33.680943522902531 ], [ -70.974181026144265, -33.68060621078309 ], [ -70.967335006686497, -33.675812532268573 ], [ -70.956862854939374, -33.672286155907685 ], [ -70.953841794587746, -33.669168850068694 ], [ -70.951284725758455, -33.667688712885493 ], [ -70.945858452284725, -33.667339858275461 ], [ -70.940050751446421, -33.66404872630558 ], [ -70.936632001528622, -33.663016236101718 ], [ -70.936921309355753, -33.661025763093306 ], [ -70.935843711002178, -33.659304841352601 ], [ -70.937196784025829, -33.658414770631943 ], [ -70.939157243945715, -33.65813574251051 ], [ -70.94194900213455, -33.65604383947926 ], [ -70.945970634795728, -33.655018632741111 ], [ -70.947613231242187, -33.653813560825178 ], [ -70.954189112920986, -33.652530558196858 ], [ -70.956087014164453, -33.651135110495829 ], [ -70.956639118738096, -33.649295566021436 ], [ -70.959123212925263, -33.647580537274735 ], [ -70.960903235440526, -33.64467609031545 ], [ -70.960814675028246, -33.64277673427474 ], [ -70.957895480934894, -33.64415548653394 ], [ -70.952013829884081, -33.644931229089146 ], [ -70.949705892629154, -33.646239931062276 ], [ -70.947173343315541, -33.645814396963971 ], [ -70.942177357473028, -33.646389489838185 ], [ -70.941418805674061, -33.645656717256522 ], [ -70.935154922368184, -33.645941104383539 ], [ -70.934210625019617, -33.643535432339085 ], [ -70.934608500537053, -33.641419083422775 ], [ -70.933949500936194, -33.640157043031842 ], [ -70.931777812058741, -33.639012539380246 ], [ -70.92158764776751, -33.639171447318574 ], [ -70.92179896386169, -33.64075188461613 ], [ -70.913827392183833, -33.640691407168632 ], [ -70.911968972795407, -33.63630044596114 ], [ -70.873733113381491, -33.631508570233684 ], [ -70.84952069935774, -33.63620830405236 ], [ -70.861566932146303, -33.647110371877417 ], [ -70.866354466622099, -33.649519530452402 ], [ -70.867144694814598, -33.650613235653914 ], [ -70.836348102272098, -33.662455654711536 ], [ -70.818450744982712, -33.642376154788565 ], [ -70.815204373683073, -33.642792865495331 ], [ -70.811667084775337, -33.644569471729788 ], [ -70.810975143953002, -33.65294763251736 ], [ -70.808152710992147, -33.658212580538347 ], [ -70.808115317720137, -33.660229484879615 ], [ -70.802994837057327, -33.666335202954329 ], [ -70.802464791513827, -33.668411890427215 ] ] ] } },
{ "type": "Feature", "properties": { "Comuna": "Paine" }, "geometry": { "type": "Polygon", "coordinates": [ [ [ -70.614409965258147, -33.738496840128732 ], [ -70.609259365880504, -33.744681594398187 ], [ -70.608610048321779, -33.748329501021708 ], [ -70.607020953737006, -33.750831359406945 ], [ -70.605558043703553, -33.756837651905315 ], [ -70.602091817822966, -33.757867078889028 ], [ -70.599107595584513, -33.760237863281937 ], [ -70.598764924236235, -33.762031919557948 ], [ -70.599854467488143, -33.765255433451642 ], [ -70.595637122469284, -33.770802699454073 ], [ -70.595287849401956, -33.772947809706004 ], [ -70.596097547679918, -33.778890970100704 ], [ -70.595875206562283, -33.781045148999596 ], [ -70.594721131933625, -33.782156963107695 ], [ -70.591360876713864, -33.784041161247465 ], [ -70.587783180686301, -33.784971540056503 ], [ -70.580857892091231, -33.782998116487619 ], [ -70.576966260923029, -33.782912437171639 ], [ -70.570512880702893, -33.784712055129816 ], [ -70.564293257391057, -33.785208841520564 ], [ -70.559594558212027, -33.784625102301376 ], [ -70.553649320812141, -33.790108440886279 ], [ -70.547833900750604, -33.793997272374448 ], [ -70.546965290956294, -33.796285517113077 ], [ -70.545125995801953, -33.797277517175523 ], [ -70.540873698233696, -33.797479349297561 ], [ -70.535803041729821, -33.800241399386955 ], [ -70.535114000669225, -33.802180261976183 ], [ -70.536840062283702, -33.809670241168817 ], [ -70.533648014804243, -33.813901060825579 ], [ -70.53302643003498, -33.817198077151552 ], [ -70.527063561401008, -33.824607122694026 ], [ -70.525930705877684, -33.830970854437673 ], [ -70.525065718090588, -33.832214161085638 ], [ -70.521953457178043, -33.833443192118587 ], [ -70.518827893114477, -33.833685190028014 ], [ -70.51486632720308, -33.832419326162835 ], [ -70.510695616425565, -33.833528469391695 ], [ -70.505831897627161, -33.833233816475911 ], [ -70.502018206089616, -33.834261107375184 ], [ -70.498069598376205, -33.831148471526411 ], [ -70.493595011792578, -33.829719047348199 ], [ -70.487152100538779, -33.830518916589035 ], [ -70.483427645844941, -33.83360273128168 ], [ -70.481900128077953, -33.835816756010701 ], [ -70.481489276396218, -33.838350895312473 ], [ -70.478461184930865, -33.841869962315613 ], [ -70.477359474896744, -33.846148887776565 ], [ -70.475177736566209, -33.848415217054381 ], [ -70.475880237084681, -33.85823740506985 ], [ -70.475337506431046, -33.860744139881099 ], [ -70.477296345790151, -33.860212706616437 ], [ -70.481025289365448, -33.862034259988576 ], [ -70.484736221719317, -33.861103029663703 ], [ -70.488888004993811, -33.862025504836872 ], [ -70.493225104423203, -33.861878246288363 ], [ -70.494140457154998, -33.860641638029648 ], [ -70.495400592275999, -33.860435534414805 ], [ -70.502611266653687, -33.862996906453169 ], [ -70.503713756425455, -33.863890051408696 ], [ -70.504903608256953, -33.866500152777419 ], [ -70.503606283781494, -33.870810852834595 ], [ -70.504386440961355, -33.876145949104107 ], [ -70.507516321429875, -33.878445901825813 ], [ -70.508847710020888, -33.882581285410971 ], [ -70.510609243410983, -33.885136592299105 ], [ -70.512852077960616, -33.885777042650552 ], [ -70.516095184782529, -33.887980002060651 ], [ -70.519122845056543, -33.886175921563833 ], [ -70.525170554179198, -33.885292048929081 ], [ -70.529880191245127, -33.886447332362394 ], [ -70.536113552492608, -33.882391633429926 ], [ -70.538619104736981, -33.882360366410992 ], [ -70.541181256234154, -33.880979766128611 ], [ -70.545235719624017, -33.881670749207125 ], [ -70.55468843533896, -33.88134955537263 ], [ -70.557682907354817, -33.884263956303094 ], [ -70.560659996071607, -33.884369517938474 ], [ -70.563999753533224, -33.888669615246251 ], [ -70.571203064420502, -33.891441071464598 ], [ -70.574791983100909, -33.89368576728581 ], [ -70.575346290343617, -33.895826037808106 ], [ -70.577426901729353, -33.896944670580268 ], [ -70.582696456016919, -33.897211126654213 ], [ -70.585393346721887, -33.894520691311662 ], [ -70.585841379673212, -33.892982861257963 ], [ -70.588093518074231, -33.892293415675127 ], [ -70.590686206002871, -33.893692662476894 ], [ -70.60009753812929, -33.894489155826335 ], [ -70.605829546023443, -33.898500336890663 ], [ -70.608748564945316, -33.898221713210141 ], [ -70.610511353281879, -33.899816126685401 ], [ -70.617222276900691, -33.901767157107514 ], [ -70.617285475177553, -33.903143245670741 ], [ -70.621473238674113, -33.907391423347491 ], [ -70.623923867023706, -33.911874900366769 ], [ -70.62592530000201, -33.913632221835812 ], [ -70.637043998005197, -33.917353758889497 ], [ -70.640058374891126, -33.922324044031477 ], [ -70.638951331559156, -33.924295222510523 ], [ -70.640416263700303, -33.929047573039746 ], [ -70.643390855100634, -33.931918763795657 ], [ -70.643999893998625, -33.933819343726832 ], [ -70.648205446832762, -33.935194676245217 ], [ -70.651751268837401, -33.935003910791949 ], [ -70.653963961316009, -33.936930703019222 ], [ -70.66286322049281, -33.9382422975645 ], [ -70.66834168428791, -33.934398485001552 ], [ -70.672164086788754, -33.933726319934188 ], [ -70.674073622113482, -33.9318393141901 ], [ -70.674943523685158, -33.929489363833866 ], [ -70.685174350217721, -33.922860036253198 ], [ -70.686168543590441, -33.918122323411069 ], [ -70.691145320757244, -33.912184807838052 ], [ -70.701205822220359, -33.905795131063272 ], [ -70.708868631256976, -33.905498224628879 ], [ -70.711467902938296, -33.906702801791717 ], [ -70.712175499599397, -33.90774275470077 ], [ -70.712165985542228, -33.910128715087644 ], [ -70.716731213036326, -33.915170999696819 ], [ -70.719045817587286, -33.916427097453465 ], [ -70.71946642048141, -33.917423215692892 ], [ -70.724396497829858, -33.919664443255151 ], [ -70.725655879264323, -33.918296654409133 ], [ -70.727252682292558, -33.918081459837772 ], [ -70.729029549924533, -33.921138795207213 ], [ -70.731285689421867, -33.922527928132034 ], [ -70.737988648577371, -33.922949697434383 ], [ -70.739996130810781, -33.922433720957301 ], [ -70.744181848843454, -33.924452555476599 ], [ -70.744211162667796, -33.92588604822069 ], [ -70.746359030918867, -33.928221681875442 ], [ -70.746809306065131, -33.930070705758489 ], [ -70.748541212118852, -33.932693793805754 ], [ -70.752606449003906, -33.9371497754045 ], [ -70.754290591633946, -33.937640366329632 ], [ -70.758271907905197, -33.942898100179107 ], [ -70.762163979247887, -33.942395965201001 ], [ -70.764813474838448, -33.943169249152909 ], [ -70.767151353840092, -33.942706295981722 ], [ -70.769759544893887, -33.944243440514718 ], [ -70.772697302672597, -33.942340222588086 ], [ -70.776403707517417, -33.941618702795147 ], [ -70.778644450789074, -33.939248203217169 ], [ -70.782805573847597, -33.938376834322838 ], [ -70.784891363122625, -33.936819636906272 ], [ -70.787007890051754, -33.936741207705147 ], [ -70.788578456883798, -33.935191500501311 ], [ -70.791487459590272, -33.934582096833722 ], [ -70.795432118309691, -33.93170382350781 ], [ -70.79697727629393, -33.931681202576357 ], [ -70.798412931441646, -33.934618729566388 ], [ -70.803322662847236, -33.936694149255452 ], [ -70.803663169255657, -33.939265887711407 ], [ -70.805668546736371, -33.942051736581526 ], [ -70.80584741927575, -33.945102961504325 ], [ -70.812681701346023, -33.949355778332205 ], [ -70.813938075220918, -33.948758941524716 ], [ -70.818391912518123, -33.948694322689917 ], [ -70.820543373131997, -33.950181934716682 ], [ -70.824210352715625, -33.951509434760339 ], [ -70.824943545074134, -33.953412741250332 ], [ -70.833372544284543, -33.951874481384181 ], [ -70.838453090341375, -33.954524235972627 ], [ -70.845708873621064, -33.956278819204925 ], [ -70.851263330397629, -33.959700977291689 ], [ -70.856727205552517, -33.966138085525721 ], [ -70.856339504353969, -33.967553054749523 ], [ -70.854765614653701, -33.968954961282563 ], [ -70.855464473402023, -33.970402147956591 ], [ -70.865706821726434, -33.974688963676094 ], [ -70.872534211921845, -33.979657696982471 ], [ -70.877754260054118, -33.981661946517782 ], [ -70.884105355401033, -33.985082430791699 ], [ -70.890576007529148, -33.986371197393467 ], [ -70.895275145086018, -33.988669003472914 ], [ -70.902487146275377, -33.983489518128209 ], [ -70.90587553313658, -33.978760939973505 ], [ -70.90808288513081, -33.977581548395719 ], [ -70.909571606457334, -33.977558521749629 ], [ -70.913226717499441, -33.97964883919272 ], [ -70.916398263627457, -33.979754296814804 ], [ -70.918583040958609, -33.97842031865116 ], [ -70.928930099607484, -33.97501387616088 ], [ -70.933292074285404, -33.977951434693829 ], [ -70.938482598387552, -33.977010894553864 ], [ -70.940740265919175, -33.975543822879274 ], [ -70.943944251110409, -33.975397798111615 ], [ -70.945872289933362, -33.974556105356456 ], [ -70.947766654509564, -33.972235875278628 ], [ -70.951150015296776, -33.971495296670547 ], [ -70.954853524871424, -33.972570139900903 ], [ -70.957824680215779, -33.972244485762268 ], [ -70.962881844922393, -33.970617643141232 ], [ -70.96630788197379, -33.967473005879299 ], [ -70.966225456156593, -33.966488200062336 ], [ -70.962921280963371, -33.962955826149795 ], [ -70.961739321729979, -33.960655474276805 ], [ -70.963092436076138, -33.956280389918341 ], [ -70.96105365653824, -33.954438446978706 ], [ -70.960600307357055, -33.951179855680863 ], [ -70.95498646924527, -33.944345660814108 ], [ -70.954995981505817, -33.941633987096999 ], [ -70.960789633591389, -33.937265346344972 ], [ -70.961732963454395, -33.934620267885904 ], [ -70.960530962807013, -33.930706425528541 ], [ -70.960151147918381, -33.923409199443874 ], [ -70.962534476283494, -33.920532058036287 ], [ -70.966250757206566, -33.917820328193123 ], [ -70.968988088268972, -33.912900369969037 ], [ -70.972159625413852, -33.909382199115399 ], [ -70.97409417342935, -33.905548577067378 ], [ -70.974924729689903, -33.90209325836107 ], [ -70.974431954349228, -33.898387398361841 ], [ -70.975273421547215, -33.896464281325649 ], [ -70.974773350089791, -33.892897850642257 ], [ -70.975730910165225, -33.890284645394473 ], [ -70.97593707801451, -33.882353348743798 ], [ -70.977484919266502, -33.879619708693767 ], [ -70.97763722862291, -33.878160592880846 ], [ -70.976857603245705, -33.875211233805473 ], [ -70.977162621708842, -33.870486264690385 ], [ -70.979335506243956, -33.866867532095867 ], [ -70.978644065783243, -33.862042440016168 ], [ -70.980238956298237, -33.860076236769679 ], [ -70.981857110484142, -33.855813162382091 ], [ -70.980984289387791, -33.853068010918335 ], [ -70.979463232304312, -33.851693839157683 ], [ -70.981232121998261, -33.847782545394814 ], [ -70.980058919542245, -33.844333817187128 ], [ -70.981208826886331, -33.841168191912779 ], [ -70.986419022296545, -33.839017945335847 ], [ -70.98841491895773, -33.836947599112555 ], [ -70.988896434814635, -33.835571204878278 ], [ -70.987594016891549, -33.833091413793312 ], [ -70.98793820459602, -33.829282253602209 ], [ -70.986604927746285, -33.825688645144503 ], [ -70.987334254654087, -33.822576794222151 ], [ -70.98649925173288, -33.820810547799027 ], [ -70.986613378198157, -33.81894922697461 ], [ -70.984987819199361, -33.81567948482337 ], [ -70.983514812102115, -33.807972582184917 ], [ -70.983767550412367, -33.804358644514309 ], [ -70.983080606917966, -33.801205172662378 ], [ -70.980714291745997, -33.799491117776377 ], [ -70.964702483864926, -33.794256661228047 ], [ -70.96109890647574, -33.7939629159238 ], [ -70.949886356084917, -33.797734942069106 ], [ -70.937847081646524, -33.798442233241076 ], [ -70.936094533205917, -33.79941159186825 ], [ -70.929187254933964, -33.799814281109931 ], [ -70.923083763127124, -33.800999922995281 ], [ -70.9199778982194, -33.79901853125947 ], [ -70.917960917200162, -33.796509912798477 ], [ -70.916716266339733, -33.790841821110703 ], [ -70.917849876447903, -33.789041356938398 ], [ -70.917211007194254, -33.786393680768263 ], [ -70.915101681160451, -33.783224270973577 ], [ -70.9153751094683, -33.781503440120701 ], [ -70.912419793219073, -33.774701930382598 ], [ -70.912202566210311, -33.767709595485876 ], [ -70.911145186238826, -33.767921956502313 ], [ -70.909927509989757, -33.769942688166701 ], [ -70.908716889108888, -33.773109390468242 ], [ -70.90891483647502, -33.775429094101952 ], [ -70.905733364861405, -33.779680668662223 ], [ -70.905637804776418, -33.783624728529624 ], [ -70.903872803889328, -33.789046331411534 ], [ -70.904408825924421, -33.790107838402434 ], [ -70.903797462186461, -33.792256621264002 ], [ -70.9054335790848, -33.79588355032628 ], [ -70.902833196187444, -33.799132823240384 ], [ -70.902614236328503, -33.800817181417806 ], [ -70.90085440704253, -33.803182371678496 ], [ -70.898230871865337, -33.803742383757708 ], [ -70.895625635370536, -33.803476785519337 ], [ -70.89284853858544, -33.802052460752968 ], [ -70.892897347648088, -33.803866842829592 ], [ -70.894213875409349, -33.804365710391075 ], [ -70.893188176323008, -33.8069785780283 ], [ -70.890594182243959, -33.806745204892593 ], [ -70.886994751478113, -33.810270007910177 ], [ -70.881186253834144, -33.811229465328083 ], [ -70.876492293268257, -33.810336467771847 ], [ -70.87378687126305, -33.811517572885961 ], [ -70.871565477702603, -33.80960032569341 ], [ -70.8698910054366, -33.809888706695105 ], [ -70.867959715610624, -33.812855427227497 ], [ -70.866094274989948, -33.814023637718932 ], [ -70.858699209722104, -33.814529952197901 ], [ -70.856467986795792, -33.815791144571563 ], [ -70.854570583219015, -33.817924117209593 ], [ -70.847776984051308, -33.820766341187273 ], [ -70.846584573817907, -33.823940837088038 ], [ -70.841872517588925, -33.827124152225629 ], [ -70.837592469264905, -33.828415605399982 ], [ -70.833970797110936, -33.828557296499248 ], [ -70.83194955897558, -33.832313971164503 ], [ -70.826151002986862, -33.831391600473879 ], [ -70.823392988215048, -33.83016103854375 ], [ -70.820748592360346, -33.830770110954411 ], [ -70.819018740753691, -33.828472781399334 ], [ -70.816479846639226, -33.827783699072633 ], [ -70.814159451547965, -33.829198218299425 ], [ -70.809223625880009, -33.8304331147055 ], [ -70.807557990341436, -33.829876407021438 ], [ -70.804982318300929, -33.827444121724739 ], [ -70.802976289541661, -33.827255482316431 ], [ -70.798760948664196, -33.829641782996397 ], [ -70.792505979340859, -33.830241421635037 ], [ -70.790360591338285, -33.831725645417961 ], [ -70.786377094855865, -33.832727805251132 ], [ -70.784711859067613, -33.834625596607736 ], [ -70.761856868608433, -33.811801205653374 ], [ -70.75736392674861, -33.816507429194523 ], [ -70.751046004388499, -33.77286378851511 ], [ -70.737619999747707, -33.774440000232445 ], [ -70.737399999639678, -33.777140000343039 ], [ -70.73935999962211, -33.789110000611025 ], [ -70.702439999622911, -33.789549999989603 ], [ -70.702720000005399, -33.792730000621624 ], [ -70.690693219335984, -33.791058694502048 ], [ -70.688184154678865, -33.759204374316901 ], [ -70.670506660953578, -33.756420320669456 ], [ -70.661954086797735, -33.74801760595178 ], [ -70.656107269718689, -33.744175103655834 ], [ -70.65348275358123, -33.743759656660494 ], [ -70.640963849748061, -33.749289998353852 ], [ -70.637926089715279, -33.748428933139181 ], [ -70.633975192196218, -33.749202388130939 ], [ -70.632672108621477, -33.748768998027018 ], [ -70.630018226557382, -33.74537866302169 ], [ -70.626028011574959, -33.742637059846722 ], [ -70.6241927768057, -33.738289393350101 ], [ -70.622011657414376, -33.737056070517347 ], [ -70.618850824594432, -33.738224299161075 ], [ -70.614409965258147, -33.738496840128732 ] ] ] } },
{ "type": "Feature", "properties": { "Comuna": "Isla de Maipo" }, "geometry": { "type": "Polygon", "coordinates": [ [ [ -70.891071654783786, -33.80116277433428 ], [ -70.895625635370536, -33.803476785519337 ], [ -70.898230871865337, -33.803742383757708 ], [ -70.90085440704253, -33.803182371678496 ], [ -70.902614236328503, -33.800817181417806 ], [ -70.902833196187444, -33.799132823240384 ], [ -70.9054335790848, -33.79588355032628 ], [ -70.903797462186461, -33.792256621264002 ], [ -70.904408825924421, -33.790107838402434 ], [ -70.903872803889328, -33.789046331411534 ], [ -70.905637804776418, -33.783624728529624 ], [ -70.905733364861405, -33.779680668662223 ], [ -70.90891483647502, -33.775429094101952 ], [ -70.908716889108888, -33.773109390468242 ], [ -70.911145186238826, -33.767921956502313 ], [ -70.912202566210311, -33.767709595485876 ], [ -70.912419793219073, -33.774701930382598 ], [ -70.9153751094683, -33.781503440120701 ], [ -70.915101681160451, -33.783224270973577 ], [ -70.917211007194254, -33.786393680768263 ], [ -70.917849876447903, -33.789041356938398 ], [ -70.916716266339733, -33.790841821110703 ], [ -70.917960917200162, -33.796509912798477 ], [ -70.9199778982194, -33.79901853125947 ], [ -70.923083763127124, -33.800999922995281 ], [ -70.929187254933964, -33.799814281109931 ], [ -70.936094533205917, -33.79941159186825 ], [ -70.937847081646524, -33.798442233241076 ], [ -70.949886356084917, -33.797734942069106 ], [ -70.96109890647574, -33.7939629159238 ], [ -70.964702483864926, -33.794256661228047 ], [ -70.980714291745997, -33.799491117776377 ], [ -70.982108877715561, -33.794454963392901 ], [ -70.981248750712496, -33.789714679825877 ], [ -70.981948850932525, -33.787509167374786 ], [ -70.980997285314999, -33.784233164665082 ], [ -70.981142890544447, -33.779685616799284 ], [ -70.983215405414541, -33.774685460272991 ], [ -70.987696339493979, -33.776783232582119 ], [ -70.992027220784976, -33.775692215198035 ], [ -70.993942973349775, -33.775916553595941 ], [ -70.995910539841859, -33.778373732980342 ], [ -70.997134409076509, -33.7784177471978 ], [ -71.005976969287545, -33.772530494934472 ], [ -71.015826871512076, -33.77217847359902 ], [ -71.019306327780157, -33.770653737267665 ], [ -71.025809419869802, -33.764484333050824 ], [ -71.035329039412147, -33.761519573158132 ], [ -71.037937302331173, -33.758732328748323 ], [ -71.039033133790056, -33.756608104218188 ], [ -71.041294041544916, -33.755294361349385 ], [ -71.048228949300054, -33.754541300410445 ], [ -71.050185676719906, -33.753296266955424 ], [ -71.061048685447147, -33.753881018063019 ], [ -71.063254284828261, -33.753461304040911 ], [ -71.068612669921038, -33.755477627282218 ], [ -71.072351817459648, -33.755287242876392 ], [ -71.076129402112642, -33.75669155804713 ], [ -71.078339601766345, -33.756462886042073 ], [ -71.081974698343913, -33.755125255817937 ], [ -71.091959992851457, -33.747872529336071 ], [ -71.104262376650013, -33.744855320347654 ], [ -71.111645974923263, -33.743771964586678 ], [ -71.115395009319897, -33.740899718670256 ], [ -71.119265662131269, -33.739876076758826 ], [ -71.120217509819796, -33.73820046310265 ], [ -71.120351816937941, -33.731241985685941 ], [ -71.119318455222199, -33.72960046464236 ], [ -71.113592201037463, -33.725352174647803 ], [ -71.109673810853565, -33.723557090981046 ], [ -71.106600810810505, -33.719702519158488 ], [ -71.102870982394649, -33.717710458718393 ], [ -71.097191622064358, -33.715778226800531 ], [ -71.095667480166185, -33.710951983675116 ], [ -71.100301215878829, -33.708598876284306 ], [ -71.102692895881134, -33.705426642482905 ], [ -71.097278404710693, -33.707702096234918 ], [ -71.088388515860601, -33.715844714394173 ], [ -71.085574866626615, -33.717450952482118 ], [ -71.082329295725899, -33.717841907317066 ], [ -71.080543537467548, -33.719614031409058 ], [ -71.078080350670291, -33.720602943396898 ], [ -71.071984944599293, -33.720353932575691 ], [ -71.068945554124284, -33.72171901284694 ], [ -71.061809579154058, -33.720784007555913 ], [ -71.060105875708686, -33.719895600683174 ], [ -71.052151567853983, -33.71914180678953 ], [ -71.046353661347212, -33.716013698606062 ], [ -71.042285665735903, -33.715653211603424 ], [ -71.037625874388482, -33.716555385693738 ], [ -71.034500792720195, -33.718960219868286 ], [ -71.031372615457443, -33.719684079361492 ], [ -71.028683568841558, -33.718872603327824 ], [ -71.026173136948557, -33.716316020141385 ], [ -71.022183980181524, -33.716198005648636 ], [ -71.017479463512714, -33.716763978931056 ], [ -71.005061254534681, -33.719823891911936 ], [ -71.001901762001125, -33.72079202400954 ], [ -70.998116081730799, -33.723145504815179 ], [ -70.996042611951552, -33.723637477786433 ], [ -70.992682746600622, -33.723065197494783 ], [ -70.990328117612194, -33.724050700088426 ], [ -70.989078764969534, -33.723795747471627 ], [ -70.986081142561972, -33.720696073832272 ], [ -70.982948347060358, -33.719646222436175 ], [ -70.981963294045684, -33.718164413977135 ], [ -70.975855576563717, -33.71577143307767 ], [ -70.967688977044432, -33.715290580795944 ], [ -70.961768025598261, -33.71625586930174 ], [ -70.955577470870693, -33.714214732060086 ], [ -70.946966285235817, -33.715894180293574 ], [ -70.941195916584093, -33.717879949596814 ], [ -70.939647764515016, -33.71897399285961 ], [ -70.936336518682197, -33.71972891572959 ], [ -70.933039097023297, -33.719411678887667 ], [ -70.930786242664979, -33.718148293156098 ], [ -70.923022390226905, -33.716647859984342 ], [ -70.921776196060804, -33.71709681830184 ], [ -70.915442711286701, -33.716387462098162 ], [ -70.915612547672637, -33.714251892717485 ], [ -70.899484861611498, -33.696535074835786 ], [ -70.858642016682893, -33.710850097454987 ], [ -70.849097819234373, -33.714823847686731 ], [ -70.846114109035625, -33.709270207411429 ], [ -70.843851496278361, -33.708567363384276 ], [ -70.833822743074009, -33.714646537742198 ], [ -70.83047589880313, -33.718931786214455 ], [ -70.82438778615392, -33.721047312062979 ], [ -70.821324209438203, -33.726985893318371 ], [ -70.821263685445942, -33.733505899691679 ], [ -70.820521516222826, -33.736978995188842 ], [ -70.821682484522981, -33.739761087933189 ], [ -70.825075605505731, -33.741773535213589 ], [ -70.826079396478931, -33.748572455190292 ], [ -70.824754124516687, -33.751575358578435 ], [ -70.821078234543748, -33.754249953079714 ], [ -70.826280876919057, -33.761887316986588 ], [ -70.829657823735133, -33.765144889199043 ], [ -70.833822875126359, -33.765561039855804 ], [ -70.837297439169404, -33.769033789345713 ], [ -70.837325340842128, -33.771407200272918 ], [ -70.838902678276469, -33.774197405365577 ], [ -70.841426982852397, -33.775415758780504 ], [ -70.85002485994633, -33.782943173144709 ], [ -70.854234297095758, -33.78465271977521 ], [ -70.858394522737285, -33.787463015847337 ], [ -70.862597720188759, -33.794780610041336 ], [ -70.8668066479934, -33.796428478262101 ], [ -70.875573872789744, -33.80312631189593 ], [ -70.878081965469747, -33.803974434160239 ], [ -70.882520175674273, -33.802684286976117 ], [ -70.887984476630592, -33.802279786874891 ], [ -70.891071654783786, -33.80116277433428 ] ] ] } },
{ "type": "Feature", "properties": { "Comuna": "Buin" }, "geometry": { "type": "Polygon", "coordinates": [ [ [ -70.614409965258147, -33.738496840128732 ], [ -70.618850824594432, -33.738224299161075 ], [ -70.622011657414376, -33.737056070517347 ], [ -70.6241927768057, -33.738289393350101 ], [ -70.626028011574959, -33.742637059846722 ], [ -70.630018226557382, -33.74537866302169 ], [ -70.632672108621477, -33.748768998027018 ], [ -70.633975192196218, -33.749202388130939 ], [ -70.637926089715279, -33.748428933139181 ], [ -70.640963849748061, -33.749289998353852 ], [ -70.65348275358123, -33.743759656660494 ], [ -70.656107269718689, -33.744175103655834 ], [ -70.661954086797735, -33.74801760595178 ], [ -70.670506660953578, -33.756420320669456 ], [ -70.688184154678865, -33.759204374316901 ], [ -70.690693219335984, -33.791058694502048 ], [ -70.702720000005399, -33.792730000621624 ], [ -70.702439999622911, -33.789549999989603 ], [ -70.73935999962211, -33.789110000611025 ], [ -70.737399999639678, -33.777140000343039 ], [ -70.737619999747707, -33.774440000232445 ], [ -70.751046004388499, -33.77286378851511 ], [ -70.75736392674861, -33.816507429194523 ], [ -70.761856868608433, -33.811801205653374 ], [ -70.784711859067613, -33.834625596607736 ], [ -70.786377094855865, -33.832727805251132 ], [ -70.790360591338285, -33.831725645417961 ], [ -70.792505979340859, -33.830241421635037 ], [ -70.798760948664196, -33.829641782996397 ], [ -70.802976289541661, -33.827255482316431 ], [ -70.804982318300929, -33.827444121724739 ], [ -70.807557990341436, -33.829876407021438 ], [ -70.809223625880009, -33.8304331147055 ], [ -70.814159451547965, -33.829198218299425 ], [ -70.816479846639226, -33.827783699072633 ], [ -70.819018740753691, -33.828472781399334 ], [ -70.820748592360346, -33.830770110954411 ], [ -70.823392988215048, -33.83016103854375 ], [ -70.826151002986862, -33.831391600473879 ], [ -70.83194955897558, -33.832313971164503 ], [ -70.833970797110936, -33.828557296499248 ], [ -70.837592469264905, -33.828415605399982 ], [ -70.841872517588925, -33.827124152225629 ], [ -70.846584573817907, -33.823940837088038 ], [ -70.847776984051308, -33.820766341187273 ], [ -70.854570583219015, -33.817924117209593 ], [ -70.856467986795792, -33.815791144571563 ], [ -70.858699209722104, -33.814529952197901 ], [ -70.866094274989948, -33.814023637718932 ], [ -70.867959715610624, -33.812855427227497 ], [ -70.8698910054366, -33.809888706695105 ], [ -70.871565477702603, -33.80960032569341 ], [ -70.87378687126305, -33.811517572885961 ], [ -70.876492293268257, -33.810336467771847 ], [ -70.881186253834144, -33.811229465328083 ], [ -70.886994751478113, -33.810270007910177 ], [ -70.890594182243959, -33.806745204892593 ], [ -70.893188176323008, -33.8069785780283 ], [ -70.894213875409349, -33.804365710391075 ], [ -70.892897347648088, -33.803866842829592 ], [ -70.89284853858544, -33.802052460752968 ], [ -70.891071654783786, -33.80116277433428 ], [ -70.887984476630592, -33.802279786874891 ], [ -70.882520175674273, -33.802684286976117 ], [ -70.878081965469747, -33.803974434160239 ], [ -70.872788353400551, -33.80130430903526 ], [ -70.8668066479934, -33.796428478262101 ], [ -70.862597720188759, -33.794780610041336 ], [ -70.858394522737285, -33.787463015847337 ], [ -70.854234297095758, -33.78465271977521 ], [ -70.85002485994633, -33.782943173144709 ], [ -70.841426982852397, -33.775415758780504 ], [ -70.838902678276469, -33.774197405365577 ], [ -70.837325340842128, -33.771407200272918 ], [ -70.837297439169404, -33.769033789345713 ], [ -70.833822875126359, -33.765561039855804 ], [ -70.829657823735133, -33.765144889199043 ], [ -70.824365888820566, -33.759592830438322 ], [ -70.821078234543748, -33.754249953079714 ], [ -70.816326434151648, -33.75142871947201 ], [ -70.814377551719161, -33.750968356136248 ], [ -70.812299524786482, -33.746979747920157 ], [ -70.81243272158693, -33.740269124151993 ], [ -70.810601416048712, -33.736689426650905 ], [ -70.807697639740567, -33.7342868963432 ], [ -70.804583454636713, -33.733186335851322 ], [ -70.80265038255321, -33.733459096025172 ], [ -70.798352764978858, -33.730862750198973 ], [ -70.79568195146831, -33.730840461557285 ], [ -70.790984535981806, -33.727470239362781 ], [ -70.780289242718112, -33.717034564616235 ], [ -70.776535250519416, -33.715896623699031 ], [ -70.774404641599915, -33.71366549804474 ], [ -70.770178162511229, -33.710883754907826 ], [ -70.768146583868628, -33.70722985542313 ], [ -70.76068610418011, -33.703638141649868 ], [ -70.756677731550852, -33.703435483189011 ], [ -70.744496739791572, -33.698733096163146 ], [ -70.741958837417187, -33.698004844123652 ], [ -70.736030034695432, -33.697752121320661 ], [ -70.733349434938148, -33.695375212438407 ], [ -70.725918242124521, -33.693125805519934 ], [ -70.722684975448246, -33.690511781296188 ], [ -70.721110453334035, -33.687645411632495 ], [ -70.718248489110778, -33.685301195512324 ], [ -70.716100376517957, -33.681159023748741 ], [ -70.714432534717048, -33.674488527796257 ], [ -70.714189527856277, -33.670533800247746 ], [ -70.7100325316582, -33.665517646970677 ], [ -70.701373565531682, -33.66479662752522 ], [ -70.698009752085056, -33.662886774693945 ], [ -70.691380603004873, -33.663145823672174 ], [ -70.688190695312443, -33.662639298305415 ], [ -70.685347223807639, -33.661149791559716 ], [ -70.680643987238099, -33.661764062594862 ], [ -70.673429424053566, -33.660104486809871 ], [ -70.661727908975479, -33.655081600591785 ], [ -70.660239976369809, -33.653901497196749 ], [ -70.659316668157842, -33.651323908023407 ], [ -70.65699130897633, -33.650132544469649 ], [ -70.652394013423191, -33.650530296375514 ], [ -70.6480777549084, -33.6493806549109 ], [ -70.640578957581411, -33.64709630469293 ], [ -70.637237917325578, -33.64532193726523 ], [ -70.63338842702565, -33.644669864563674 ], [ -70.631233939987595, -33.642839604138139 ], [ -70.631206505438797, -33.645678932277015 ], [ -70.634793852965757, -33.653458944530755 ], [ -70.641489137813807, -33.660866777360674 ], [ -70.650055804739836, -33.662754635645932 ], [ -70.651712468803652, -33.664353620236234 ], [ -70.652910753120707, -33.669693169238101 ], [ -70.65549461779662, -33.67292828421138 ], [ -70.655887277695498, -33.67572140524355 ], [ -70.651753877544991, -33.679521748125218 ], [ -70.64731681898067, -33.688554430618886 ], [ -70.644176221610806, -33.693267825077008 ], [ -70.645342649871253, -33.696750489506819 ], [ -70.637526712214694, -33.704451650129734 ], [ -70.632032332967711, -33.704833765122416 ], [ -70.629459330720209, -33.705859658899286 ], [ -70.627286330302454, -33.707246574634723 ], [ -70.625063058364745, -33.710496429245389 ], [ -70.622079561965023, -33.712782413372288 ], [ -70.621897613594115, -33.717194768293147 ], [ -70.621102795010529, -33.718977391835978 ], [ -70.617494567043096, -33.720871658010019 ], [ -70.616001846416935, -33.722570750383049 ], [ -70.613387113831237, -33.734130689961603 ], [ -70.614409965258147, -33.738496840128732 ] ] ] } },
{ "type": "Feature", "properties": { "Comuna": "San José de Maipo" }, "geometry": { "type": "Polygon", "coordinates": [ [ [ -70.030553067990283, -34.288551134822718 ], [ -70.037288868654258, -34.284893768386127 ], [ -70.04191815770622, -34.284136054851949 ], [ -70.045664974162435, -34.28126201486765 ], [ -70.051226204236215, -34.280874900465768 ], [ -70.052820202724149, -34.280173881813596 ], [ -70.053342201159353, -34.277808496852657 ], [ -70.05235799525596, -34.276070989834508 ], [ -70.052462162997998, -34.273211351499796 ], [ -70.053428605614954, -34.271116149704753 ], [ -70.052561054934358, -34.26717246533056 ], [ -70.053773531734592, -34.263934365611213 ], [ -70.05404522539564, -34.258217632005838 ], [ -70.052421005784936, -34.256508373250014 ], [ -70.051938349965937, -34.251355575623954 ], [ -70.05063637670888, -34.249411629117219 ], [ -70.049191117672464, -34.243895612491997 ], [ -70.051196735003344, -34.238140965905785 ], [ -70.051322818943362, -34.235124580372037 ], [ -70.05018872643987, -34.22861256058377 ], [ -70.050648218300964, -34.225942895698033 ], [ -70.053207338882373, -34.222813287633834 ], [ -70.056168345060627, -34.220582410483757 ], [ -70.056624073878979, -34.218840190205057 ], [ -70.058191083382511, -34.217975852221883 ], [ -70.061963343720805, -34.213093897064759 ], [ -70.066591675168695, -34.209124358142653 ], [ -70.067064469282514, -34.207085560173802 ], [ -70.071960398972053, -34.201991837322105 ], [ -70.076134953640675, -34.199723719742892 ], [ -70.077447067080641, -34.198015867209605 ], [ -70.083119354076388, -34.199522697670524 ], [ -70.089413636371489, -34.202504206579562 ], [ -70.093217584781442, -34.203120541436668 ], [ -70.10652281093229, -34.202856293191068 ], [ -70.112743257100917, -34.201884557318344 ], [ -70.115161553286796, -34.200260903355158 ], [ -70.115941080747632, -34.192902396888606 ], [ -70.11731299862933, -34.190142702425462 ], [ -70.12302402996329, -34.188357512845059 ], [ -70.131312145489389, -34.189191731627133 ], [ -70.134377525123867, -34.188597614835196 ], [ -70.140384183034669, -34.184301559453509 ], [ -70.142794620758451, -34.181037850863888 ], [ -70.146946604357254, -34.179986721256405 ], [ -70.147347304177941, -34.179164953798164 ], [ -70.14537249995962, -34.175727291881167 ], [ -70.145967752412957, -34.173274169490163 ], [ -70.150187447424614, -34.169284941634771 ], [ -70.149570923763648, -34.167706902981735 ], [ -70.149995766705914, -34.166462923273691 ], [ -70.153326317334191, -34.162983161976108 ], [ -70.153832940204978, -34.161197484699166 ], [ -70.157365055715005, -34.159490874015113 ], [ -70.164251408630719, -34.159173014797162 ], [ -70.162945681314113, -34.156392533555831 ], [ -70.162792173605084, -34.153783599138094 ], [ -70.160300803064104, -34.149654779759565 ], [ -70.160809409415037, -34.147828643731415 ], [ -70.162543757988004, -34.145758120348454 ], [ -70.163001251097569, -34.143047207339421 ], [ -70.164538765317076, -34.140000628889922 ], [ -70.1614937819311, -34.134084848158139 ], [ -70.15857167909283, -34.133086693173475 ], [ -70.157736239590406, -34.130032052715876 ], [ -70.152476423040511, -34.127554465121349 ], [ -70.149684041420855, -34.124296192550354 ], [ -70.145675549315655, -34.122881034239363 ], [ -70.141874783636752, -34.120501355162887 ], [ -70.143249073969116, -34.117660296741931 ], [ -70.144620779848395, -34.11662492728329 ], [ -70.151208776207113, -34.114408973121634 ], [ -70.157858814710934, -34.11110093542532 ], [ -70.159767428364177, -34.106853228979901 ], [ -70.16441612372121, -34.100570044383169 ], [ -70.164479304031772, -34.095911705267852 ], [ -70.16229488063685, -34.094397984789524 ], [ -70.159717379626429, -34.094462830524122 ], [ -70.158731009681532, -34.09316748350242 ], [ -70.161367448259426, -34.086764484100392 ], [ -70.164562828488585, -34.082941134081871 ], [ -70.164653003173427, -34.080467934854489 ], [ -70.167543445787814, -34.077560287336972 ], [ -70.169423873900698, -34.073770575770482 ], [ -70.172173090572628, -34.071568723129296 ], [ -70.171068670321304, -34.067913582740779 ], [ -70.171976211303388, -34.064382725971932 ], [ -70.173892338465649, -34.061729192635624 ], [ -70.174986784722392, -34.05845339511108 ], [ -70.174819451941161, -34.054290208818593 ], [ -70.173502564853763, -34.051721098431045 ], [ -70.170268375607705, -34.048274932416078 ], [ -70.169354415264607, -34.045721587892373 ], [ -70.170187444587143, -34.044367407287062 ], [ -70.175232880889425, -34.041670353712576 ], [ -70.179737840411136, -34.036051734244765 ], [ -70.186149878365242, -34.0323586316632 ], [ -70.204992165417167, -34.034483527153895 ], [ -70.206834496877178, -34.034006092319601 ], [ -70.21093399371054, -34.03106340181688 ], [ -70.215610657215649, -34.030403709007885 ], [ -70.218388490619276, -34.031228080964318 ], [ -70.222911820688537, -34.030602652870691 ], [ -70.226018389875435, -34.031858416379684 ], [ -70.227805634845595, -34.031468540756251 ], [ -70.240892687163367, -34.03281459989806 ], [ -70.244894944960507, -34.035194465974058 ], [ -70.245870048235091, -34.038506273290523 ], [ -70.245390965914282, -34.04256329716813 ], [ -70.24818634072048, -34.047584803511832 ], [ -70.248066911500089, -34.056942900384257 ], [ -70.249882298891464, -34.058756051969333 ], [ -70.252819731480045, -34.059833465890293 ], [ -70.253837114861795, -34.06138149634765 ], [ -70.254248562126563, -34.063883379753804 ], [ -70.259615590808977, -34.067765754501927 ], [ -70.261436340244273, -34.071213757057414 ], [ -70.265551918717861, -34.071345636702688 ], [ -70.267370749351727, -34.070172957964303 ], [ -70.270706387139441, -34.065653979086029 ], [ -70.277592405881862, -34.06383868152038 ], [ -70.286406468837129, -34.058859145947572 ], [ -70.289551707802076, -34.058331441971696 ], [ -70.29472770165448, -34.059827145296389 ], [ -70.298751005182098, -34.059873344488246 ], [ -70.302839170666473, -34.06108380822149 ], [ -70.304177379267145, -34.063292293124356 ], [ -70.303843937210075, -34.065225077074146 ], [ -70.304645441954349, -34.065985313901251 ], [ -70.3091673904147, -34.066401600880454 ], [ -70.310683160014406, -34.063649262224899 ], [ -70.313558547762938, -34.062142392778391 ], [ -70.314913046412968, -34.057289688309524 ], [ -70.32190522805567, -34.05735393432596 ], [ -70.326072904324164, -34.059485389717274 ], [ -70.329998597811311, -34.058932345230531 ], [ -70.33396529759456, -34.056462198241633 ], [ -70.337083901511321, -34.055824161863995 ], [ -70.340308933331357, -34.053244492862056 ], [ -70.340860581560818, -34.049104073633266 ], [ -70.341601498532427, -34.048024361100097 ], [ -70.341651104400739, -34.042378600967112 ], [ -70.344425730818799, -34.039133178802544 ], [ -70.339486305601511, -34.03332504714988 ], [ -70.339205748263552, -34.03015288239488 ], [ -70.330764982021236, -34.020757114316268 ], [ -70.325753742785196, -34.019836682879117 ], [ -70.321388791090399, -34.016360181504162 ], [ -70.321877100905795, -34.014203606863575 ], [ -70.32450678594941, -34.011817726691305 ], [ -70.327682606261561, -34.010327323710108 ], [ -70.326042024736267, -34.005552503765834 ], [ -70.324247395614478, -34.004247104795176 ], [ -70.32111478696244, -34.000257604668555 ], [ -70.321670861191294, -33.998454902670566 ], [ -70.323887835938862, -33.99692148816569 ], [ -70.324337690673588, -33.994971870713236 ], [ -70.326526080130478, -33.993262966463035 ], [ -70.327979896518301, -33.989670296856119 ], [ -70.327786521576982, -33.986252829170951 ], [ -70.329501284181831, -33.981369449951309 ], [ -70.334026982210162, -33.980082304417671 ], [ -70.338134324929229, -33.980174814206755 ], [ -70.341233171299635, -33.979213932573408 ], [ -70.345614521739932, -33.975684484499524 ], [ -70.349751885257476, -33.971035242895574 ], [ -70.350829446780139, -33.967332814940583 ], [ -70.346709840260814, -33.962592966894597 ], [ -70.346209096863547, -33.957815729789274 ], [ -70.34677722828016, -33.956473101630344 ], [ -70.350312690912943, -33.953070060148796 ], [ -70.359375987850527, -33.950906648737757 ], [ -70.36240841548377, -33.948340588564371 ], [ -70.36358132239404, -33.94637048530435 ], [ -70.365283441211233, -33.945165838511507 ], [ -70.367529894174851, -33.938842555132666 ], [ -70.376227187821272, -33.927940349781757 ], [ -70.376728145915877, -33.922342499074702 ], [ -70.378642994775504, -33.918821798862737 ], [ -70.375733995662316, -33.915471630389433 ], [ -70.375037515652849, -33.911069679894077 ], [ -70.369110855413041, -33.907669595083355 ], [ -70.368604976347314, -33.906391767235775 ], [ -70.372668995116868, -33.900160304547754 ], [ -70.37257286549999, -33.897727674144285 ], [ -70.371390260377908, -33.895354793655848 ], [ -70.37319517071812, -33.893712217614592 ], [ -70.374340012462284, -33.890168019690847 ], [ -70.375519319868957, -33.888770935046615 ], [ -70.374571741872984, -33.886777249179396 ], [ -70.374910898113555, -33.883689869079227 ], [ -70.382605376357176, -33.879686914867811 ], [ -70.38518202486641, -33.879382784022404 ], [ -70.391379002548234, -33.88186256925615 ], [ -70.398823776092343, -33.87990292306111 ], [ -70.401685873266246, -33.876708648500788 ], [ -70.405834094720618, -33.87467486217961 ], [ -70.410702024821092, -33.870996715447632 ], [ -70.41321030435067, -33.867577213441166 ], [ -70.414125512453708, -33.864012761008361 ], [ -70.417587194655567, -33.859822560195134 ], [ -70.418813274644151, -33.856341669634077 ], [ -70.422640746338118, -33.85465107245507 ], [ -70.427416128404744, -33.85485568011164 ], [ -70.433811223234301, -33.853602315306297 ], [ -70.430352506371179, -33.852055204258924 ], [ -70.428591578445591, -33.852025761365958 ], [ -70.427044102807926, -33.850828796893722 ], [ -70.426271845412685, -33.848725619944076 ], [ -70.421892188296709, -33.842597663384851 ], [ -70.420027188748819, -33.841178575012592 ], [ -70.413672866653386, -33.839714983472817 ], [ -70.411384100344961, -33.838172518682903 ], [ -70.409513262646044, -33.835216705042711 ], [ -70.409058763621303, -33.833237061682539 ], [ -70.407809372351096, -33.831906783784838 ], [ -70.408546840690349, -33.826584128640597 ], [ -70.406275149558823, -33.820207323422629 ], [ -70.406483838979113, -33.818892378212659 ], [ -70.403763515719973, -33.81437744772051 ], [ -70.40301849524414, -33.803981488871969 ], [ -70.403517142871834, -33.801638795471533 ], [ -70.406102640684921, -33.796775289294075 ], [ -70.405866528393958, -33.794056872246912 ], [ -70.403425524594326, -33.791331495281554 ], [ -70.403167834770244, -33.789637693646966 ], [ -70.406674907046792, -33.786044196634016 ], [ -70.407207136394732, -33.784597451220733 ], [ -70.407239927597544, -33.779571000937366 ], [ -70.408287851902358, -33.774500827865147 ], [ -70.4039219614681, -33.768884199048145 ], [ -70.403791512614134, -33.765588246022745 ], [ -70.402609989063635, -33.76364880875402 ], [ -70.402570461394504, -33.762400731372374 ], [ -70.404169737484708, -33.759405215492073 ], [ -70.402257020327255, -33.756097530580945 ], [ -70.403257653722221, -33.754005254584975 ], [ -70.399999748952681, -33.749272204285205 ], [ -70.400313896095739, -33.747379814666623 ], [ -70.403612101983896, -33.742828438937842 ], [ -70.403190130057268, -33.738095099696665 ], [ -70.403616622306401, -33.732519879622622 ], [ -70.404630186051591, -33.731227757446867 ], [ -70.404585966481719, -33.729691605503838 ], [ -70.402658309442771, -33.726608143733728 ], [ -70.402855766328756, -33.723436472900531 ], [ -70.404012436190271, -33.721534493505828 ], [ -70.403568746593336, -33.720162973330638 ], [ -70.404142482598985, -33.717755348421413 ], [ -70.400519490819875, -33.712866397791132 ], [ -70.400504329952838, -33.711938146905034 ], [ -70.401749367987151, -33.708402408819445 ], [ -70.405188276099949, -33.70669864044276 ], [ -70.409196104350144, -33.703483616279591 ], [ -70.414980890962184, -33.701208460319577 ], [ -70.422022014618193, -33.699654993714205 ], [ -70.433873604942576, -33.694875882303428 ], [ -70.437685617528842, -33.689197147507457 ], [ -70.43891460266903, -33.688254418185238 ], [ -70.439701414568518, -33.684915804117338 ], [ -70.440928952522796, -33.683441227285449 ], [ -70.438407935780802, -33.678222250772954 ], [ -70.431707926692681, -33.673480196357232 ], [ -70.430675398613531, -33.669722161214139 ], [ -70.4336966943238, -33.666060253542256 ], [ -70.433443895826429, -33.664583704744302 ], [ -70.430330227253833, -33.662663193469591 ], [ -70.429497409035392, -33.660620864582931 ], [ -70.421334186283246, -33.660476386488682 ], [ -70.413015196559158, -33.65449402523091 ], [ -70.408214308626668, -33.649550196811091 ], [ -70.407240731589738, -33.646607250427216 ], [ -70.410197966640425, -33.646000917812721 ], [ -70.41132266276604, -33.64498591980027 ], [ -70.412026072379589, -33.642639484163595 ], [ -70.414265769113968, -33.640036924882459 ], [ -70.417666095483597, -33.637892958395959 ], [ -70.421237524863741, -33.636803471328967 ], [ -70.423741988349974, -33.633200561782317 ], [ -70.424785457909294, -33.627374523228283 ], [ -70.426459534018264, -33.625258474289552 ], [ -70.427799352399902, -33.620143838194117 ], [ -70.435111803204336, -33.62066004723448 ], [ -70.43918545281204, -33.61522001947683 ], [ -70.44101634243026, -33.608708470573013 ], [ -70.440545607255075, -33.600982925563279 ], [ -70.44360009571507, -33.589207624303285 ], [ -70.443824978166674, -33.578745163775103 ], [ -70.449940889182329, -33.579834063875289 ], [ -70.452656926579238, -33.582828280468092 ], [ -70.458533910882153, -33.582667384218645 ], [ -70.461362850340606, -33.58150307058466 ], [ -70.462448986282638, -33.583110247439421 ], [ -70.459636067378966, -33.589562404096824 ], [ -70.460867316273692, -33.591106782182614 ], [ -70.473397678118332, -33.592348944301186 ], [ -70.476710824786267, -33.589589020211456 ], [ -70.479162504164748, -33.589865366206034 ], [ -70.480663377002102, -33.594340687475245 ], [ -70.482207023121717, -33.59490303224797 ], [ -70.487515899364212, -33.594579406318594 ], [ -70.488992286821869, -33.595478693222631 ], [ -70.491161328364186, -33.598417440896093 ], [ -70.495357496498542, -33.599858825666672 ], [ -70.495880079736992, -33.592022547580328 ], [ -70.497230206286517, -33.59095633423005 ], [ -70.49844482197544, -33.588650965586226 ], [ -70.49805314842672, -33.58249693687339 ], [ -70.500346854570907, -33.579942513070591 ], [ -70.500083416427316, -33.571308018009326 ], [ -70.495969764840012, -33.567717610370025 ], [ -70.493393936492637, -33.563359606484603 ], [ -70.489463624766614, -33.560412452330525 ], [ -70.488757675615759, -33.559132430720332 ], [ -70.488528574675584, -33.555746896611005 ], [ -70.486822780850559, -33.552665457427736 ], [ -70.486025347271166, -33.546041543375523 ], [ -70.487545974061604, -33.543430507977021 ], [ -70.486842215003406, -33.54049600299652 ], [ -70.484587491250977, -33.538614106957951 ], [ -70.480923949519934, -33.537655889752273 ], [ -70.479998452113634, -33.536855618789644 ], [ -70.479795954780599, -33.531656299684158 ], [ -70.47363113678594, -33.52802345856486 ], [ -70.469228301338987, -33.526771219889739 ], [ -70.467475774457952, -33.524214947095572 ], [ -70.465840237871305, -33.518459918086741 ], [ -70.463923518719241, -33.516287339948043 ], [ -70.461460434329922, -33.515505160773621 ], [ -70.450519261393154, -33.506068673432381 ], [ -70.443109210429753, -33.504183300095875 ], [ -70.438987231459762, -33.500225342831712 ], [ -70.437165669049136, -33.497753043933969 ], [ -70.437939448190463, -33.490157560393037 ], [ -70.439046554404484, -33.488419758225675 ], [ -70.439152935595388, -33.486605138610365 ], [ -70.437758397236522, -33.483497683119445 ], [ -70.436169506569328, -33.481850557142209 ], [ -70.434416459563721, -33.480970191367867 ], [ -70.429316108349809, -33.482234997654317 ], [ -70.429174355096265, -33.484044922745895 ], [ -70.427768453049083, -33.484218125914744 ], [ -70.419539920080837, -33.481900329016227 ], [ -70.415668303377174, -33.483076614937431 ], [ -70.401395523393376, -33.489960275500685 ], [ -70.39684818135656, -33.489827146246135 ], [ -70.393353385456706, -33.490503198754958 ], [ -70.388507525166148, -33.486705984232728 ], [ -70.383007257462467, -33.485320693916393 ], [ -70.379299961488883, -33.483083460732026 ], [ -70.376462314660372, -33.482711626236011 ], [ -70.372740100364851, -33.482892256294278 ], [ -70.361051364720026, -33.487151877614913 ], [ -70.353816290302589, -33.486429900865836 ], [ -70.351882862486249, -33.48830741822465 ], [ -70.351299774120179, -33.490577936375828 ], [ -70.348215638560859, -33.489939511995381 ], [ -70.340418800883867, -33.484281987916681 ], [ -70.334547913446798, -33.476719402191506 ], [ -70.325261782216458, -33.47312608787211 ], [ -70.321558785579839, -33.472742880047349 ], [ -70.319578551045609, -33.471519518997525 ], [ -70.315044743026874, -33.466564884470969 ], [ -70.304653183635466, -33.464531537338182 ], [ -70.300832417865081, -33.460760938867715 ], [ -70.298985027093394, -33.457177901273077 ], [ -70.299188640134005, -33.452817023209548 ], [ -70.297575805771217, -33.451805403092322 ], [ -70.292284513152083, -33.451045751235455 ], [ -70.285336030056371, -33.452366447116013 ], [ -70.283455361194981, -33.453695420519288 ], [ -70.282551872513153, -33.455642626760209 ], [ -70.276191892828066, -33.452810304687468 ], [ -70.273062594467845, -33.449394093640265 ], [ -70.266824543116272, -33.445372586780181 ], [ -70.263733729481132, -33.444371545510862 ], [ -70.258010490940777, -33.443877695908512 ], [ -70.255483726777598, -33.442127981064935 ], [ -70.254522859105293, -33.439776268200745 ], [ -70.253602466824759, -33.439169024730035 ], [ -70.250951915713742, -33.438842116295973 ], [ -70.244179878807827, -33.435803329677114 ], [ -70.2412479627734, -33.430862829505386 ], [ -70.238314613926107, -33.42943946742259 ], [ -70.236249069084309, -33.426099430935544 ], [ -70.236175618335096, -33.423957406554024 ], [ -70.228837667054705, -33.419454962278131 ], [ -70.224131162414153, -33.414927460727412 ], [ -70.221509599039052, -33.414087760579335 ], [ -70.218980424695957, -33.41226518579267 ], [ -70.217433524878402, -33.40885041246343 ], [ -70.216953064541954, -33.40442278270946 ], [ -70.218081495862506, -33.40261101865665 ], [ -70.217771445935455, -33.400617434076153 ], [ -70.212456983070197, -33.395395225501879 ], [ -70.209043155920142, -33.394429998107817 ], [ -70.203181903812805, -33.391550534749996 ], [ -70.199055236535344, -33.384842515248529 ], [ -70.198438473024211, -33.380824013719497 ], [ -70.193214672629011, -33.376081930838318 ], [ -70.194432239283643, -33.373345965471245 ], [ -70.194183271202633, -33.371643041067955 ], [ -70.192065283612848, -33.369291053348135 ], [ -70.191831038919375, -33.366629481726164 ], [ -70.189996547955161, -33.364675776648347 ], [ -70.186921594076367, -33.363115298622496 ], [ -70.18162500768527, -33.362463556487 ], [ -70.181222718744849, -33.360078997648039 ], [ -70.177260773744408, -33.356511291469069 ], [ -70.180236877009335, -33.350687092346746 ], [ -70.179091419020892, -33.349007792689164 ], [ -70.176179754606238, -33.347259665945344 ], [ -70.175917221066129, -33.345614746973084 ], [ -70.178045162887571, -33.343918725728898 ], [ -70.179163670519188, -33.341287126864401 ], [ -70.182084277662497, -33.338059268918897 ], [ -70.181588168673784, -33.332622309328279 ], [ -70.182694849984685, -33.3253877692148 ], [ -70.182080508331552, -33.322094365772486 ], [ -70.186740371544232, -33.311363525700486 ], [ -70.18652599219493, -33.308828734474744 ], [ -70.187973659614642, -33.305025489769911 ], [ -70.192901878348749, -33.297416665447635 ], [ -70.19500802434645, -33.296088738638751 ], [ -70.198881822159635, -33.291559588018679 ], [ -70.199304061784204, -33.290314984531321 ], [ -70.199487490578704, -33.280522483833757 ], [ -70.200475368794969, -33.278628728567483 ], [ -70.198254612140062, -33.27238195970817 ], [ -70.200861190717916, -33.266763399607221 ], [ -70.203552967313968, -33.264417595149418 ], [ -70.204532417536228, -33.26267195270146 ], [ -70.210547654357995, -33.259342114059869 ], [ -70.209989948788575, -33.253380420305952 ], [ -70.208223933703536, -33.250119225131144 ], [ -70.209403837591566, -33.247935526135137 ], [ -70.212860488329525, -33.246141394198581 ], [ -70.214645385103509, -33.244201698287995 ], [ -70.216939864697167, -33.239390239161679 ], [ -70.220820298365354, -33.23735271779563 ], [ -70.221511171989107, -33.236336166731022 ], [ -70.223320531684919, -33.230265604129947 ], [ -70.222760000015626, -33.227910000218998 ], [ -70.220718927078806, -33.226970237947292 ], [ -70.220199999983578, -33.22427000084059 ], [ -70.217597001192104, -33.222981110264058 ], [ -70.217717516475687, -33.21785261286594 ], [ -70.226152830842537, -33.211381394993325 ], [ -70.230439953399426, -33.204007183533236 ], [ -70.231991086976947, -33.203102991247498 ], [ -70.235591123207271, -33.202682648662233 ], [ -70.237325893090102, -33.201636850337501 ], [ -70.240197348014334, -33.196734328884041 ], [ -70.239827666122082, -33.192153555762353 ], [ -70.24162438113197, -33.190776740298844 ], [ -70.242654264570902, -33.188068969228027 ], [ -70.243730837048446, -33.186996701026061 ], [ -70.243611755476053, -33.185671199149546 ], [ -70.241543493230509, -33.182608298656071 ], [ -70.241229055033301, -33.181015944482468 ], [ -70.237689830256102, -33.175835139949129 ], [ -70.239966147711343, -33.170366285344173 ], [ -70.23997098064757, -33.166822446179587 ], [ -70.239246558541197, -33.164680905703179 ], [ -70.238026783827607, -33.163062967034158 ], [ -70.232576881966949, -33.160576167378863 ], [ -70.229739484870109, -33.157392168194491 ], [ -70.226967478837736, -33.150707612478342 ], [ -70.226890548913431, -33.149270173104682 ], [ -70.230781584498601, -33.146307287434389 ], [ -70.232177366125811, -33.14423198484689 ], [ -70.236088167342189, -33.142707085440861 ], [ -70.236226787272003, -33.140404447288219 ], [ -70.231905920399782, -33.139080951044605 ], [ -70.229295034400138, -33.135750824495837 ], [ -70.227918335684507, -33.135093144964657 ], [ -70.224046074888776, -33.135275112658675 ], [ -70.220580416743459, -33.131905240377186 ], [ -70.216986832213479, -33.129567233885872 ], [ -70.209323153607684, -33.127484519481115 ], [ -70.205125647881857, -33.12469658565405 ], [ -70.203736126613876, -33.123080001031177 ], [ -70.202760594842871, -33.11630557010524 ], [ -70.201199765748513, -33.114642653367291 ], [ -70.200016210208844, -33.111393939914507 ], [ -70.189588309472612, -33.109072863891214 ], [ -70.186246110390059, -33.106228145729375 ], [ -70.185407516902657, -33.103167808297499 ], [ -70.183739652643879, -33.101985135558664 ], [ -70.178803790145025, -33.103470136305809 ], [ -70.178208029245212, -33.105777064603956 ], [ -70.17719562971665, -33.106745541934643 ], [ -70.155860436004602, -33.113129783586039 ], [ -70.154966471261403, -33.110117698806725 ], [ -70.152930287854659, -33.106876412770191 ], [ -70.155497630715871, -33.105006848855005 ], [ -70.158740833657475, -33.100374280384401 ], [ -70.158725017918584, -33.099175822348492 ], [ -70.150433771763744, -33.094530241427336 ], [ -70.147993003322696, -33.095175989335914 ], [ -70.146452859734381, -33.094998425427221 ], [ -70.144442819099041, -33.093722456454522 ], [ -70.138756468079194, -33.094445733161358 ], [ -70.136360853455912, -33.09417994976662 ], [ -70.13163261048382, -33.089668437019576 ], [ -70.132227567391439, -33.0872178584575 ], [ -70.130424267730547, -33.084261780678631 ], [ -70.129109002102254, -33.079383488637426 ], [ -70.124272912787049, -33.075256201922905 ], [ -70.113329589283495, -33.072214067837926 ], [ -70.113529605469708, -33.070006860531159 ], [ -70.116111659142007, -33.067059272015698 ], [ -70.116029386038392, -33.065046401849528 ], [ -70.106977600112856, -33.058343075390688 ], [ -70.102757286161975, -33.053202639524763 ], [ -70.101553514935162, -33.052542071271198 ], [ -70.099395217243639, -33.05294459594645 ], [ -70.095088114358219, -33.052239386718682 ], [ -70.093650495493279, -33.051443509059389 ], [ -70.086072176602414, -33.056445281483484 ], [ -70.084047042473671, -33.058562896240126 ], [ -70.080689996036099, -33.059691053444517 ], [ -70.07461883010474, -33.064697173954741 ], [ -70.070194746806379, -33.079441089904265 ], [ -70.070722381271665, -33.081641547475243 ], [ -70.069335271980208, -33.084729734850491 ], [ -70.06783500370905, -33.086088773144937 ], [ -70.067499838683275, -33.087813693082083 ], [ -70.06933877720644, -33.091516229880256 ], [ -70.06939826544118, -33.093094645747911 ], [ -70.070836106190015, -33.095353710926766 ], [ -70.066000265708141, -33.103177621759023 ], [ -70.070778656232633, -33.107627155511778 ], [ -70.073268210380121, -33.1135304780639 ], [ -70.07621735879664, -33.116628373681337 ], [ -70.076490991022069, -33.118517032408775 ], [ -70.075651555813252, -33.121302848190055 ], [ -70.074132799315208, -33.123016931773968 ], [ -70.061663489672242, -33.128272712058575 ], [ -70.052340541888313, -33.13501697888973 ], [ -70.052461393141797, -33.139079073551521 ], [ -70.056647484873608, -33.144190092723782 ], [ -70.056458584440705, -33.149050503070939 ], [ -70.063027276902289, -33.151000301146276 ], [ -70.066264179958822, -33.152952679145208 ], [ -70.067225001817036, -33.155341447249143 ], [ -70.066586908707791, -33.158243245963078 ], [ -70.062675278346418, -33.165905240680146 ], [ -70.057441455447602, -33.171699898880497 ], [ -70.059499236150387, -33.174456595804465 ], [ -70.060510129204232, -33.177108611300483 ], [ -70.062206255360152, -33.178441492937367 ], [ -70.065076522711578, -33.179420142686318 ], [ -70.064795686895877, -33.182106438866221 ], [ -70.060364834791855, -33.193827514675824 ], [ -70.064725704541985, -33.200309817867954 ], [ -70.064215469545431, -33.20583297936485 ], [ -70.061671664341318, -33.211756977726751 ], [ -70.059428069816931, -33.214675808465891 ], [ -70.057590628785348, -33.219713780486472 ], [ -70.055855005503005, -33.222238472725472 ], [ -70.05519264979624, -33.225873137891355 ], [ -70.049953623855288, -33.226803522608463 ], [ -70.048697378439456, -33.226136499518795 ], [ -70.047193462109945, -33.226616874002453 ], [ -70.046032510877765, -33.227889966115541 ], [ -70.037909960248442, -33.228655203089048 ], [ -70.027943857348632, -33.232826886893115 ], [ -70.026621003651115, -33.234939907784863 ], [ -70.027331690516803, -33.238647323203651 ], [ -70.029386100740638, -33.240652483967629 ], [ -70.02790166527636, -33.246568575744988 ], [ -70.028781099769844, -33.248895843640199 ], [ -70.030485077201362, -33.249738605451512 ], [ -70.03396869087257, -33.253755304362272 ], [ -70.038717763081152, -33.270228423027618 ], [ -70.038186645847517, -33.270909590291943 ], [ -70.035030436656328, -33.271206555645676 ], [ -70.031120525670417, -33.273152939499731 ], [ -70.027289434664155, -33.276646851194911 ], [ -70.02190741040468, -33.277088354907946 ], [ -70.016747543108252, -33.280839274748068 ], [ -70.012453607728276, -33.282139121992337 ], [ -70.00879611974392, -33.285787991271924 ], [ -70.006199052528288, -33.286070677236552 ], [ -70.007586430416012, -33.290544006301829 ], [ -70.012841365520643, -33.301134857783637 ], [ -70.010117574764521, -33.303736046242015 ], [ -70.009806150415088, -33.308627292005689 ], [ -70.008832291307144, -33.309574228371467 ], [ -70.008176389995711, -33.31176327304491 ], [ -70.008148593425872, -33.313950617226467 ], [ -70.009246757809564, -33.316462490767648 ], [ -70.00359428944563, -33.322277717797817 ], [ -70.001650714259824, -33.322757709227204 ], [ -69.999655821016816, -33.322082865395778 ], [ -69.99858739176733, -33.320648304413666 ], [ -69.99644381566668, -33.319832297060358 ], [ -69.994035391965781, -33.317753801420807 ], [ -69.992437374415289, -33.318684324619298 ], [ -69.985329452933058, -33.31520438717628 ], [ -69.983676288705595, -33.313674064744887 ], [ -69.979934426458172, -33.312176171812212 ], [ -69.973100926820536, -33.311214749247341 ], [ -69.969400237955853, -33.308903232875586 ], [ -69.968703815438573, -33.307294454761106 ], [ -69.969019496005828, -33.303034101710352 ], [ -69.967462316766472, -33.299017317128673 ], [ -69.961581591878712, -33.292478942790211 ], [ -69.956538227989782, -33.288982278946513 ], [ -69.954221335429807, -33.288843003932179 ], [ -69.950698711519067, -33.28492167608767 ], [ -69.950414939110701, -33.283163107931927 ], [ -69.948660497021464, -33.282037977238254 ], [ -69.942793027674028, -33.284595018976148 ], [ -69.941099104187174, -33.282274487636691 ], [ -69.940520543330138, -33.280193093179605 ], [ -69.936729077909376, -33.276129971017696 ], [ -69.930073341391704, -33.274986118025893 ], [ -69.923857415545569, -33.268524035397824 ], [ -69.917361767794702, -33.267295767332847 ], [ -69.917617753514676, -33.26427141715245 ], [ -69.915427816260561, -33.255898282735288 ], [ -69.917338526581659, -33.253342497231124 ], [ -69.919223076165068, -33.248259974194184 ], [ -69.921346427595424, -33.245809568923917 ], [ -69.918016423142845, -33.244701635657499 ], [ -69.908421389134077, -33.269889863434756 ], [ -69.904335479319371, -33.272929735552296 ], [ -69.900400527794901, -33.273336875844969 ], [ -69.894753000165025, -33.275408529190031 ], [ -69.890241536840662, -33.27598362712255 ], [ -69.886116941976567, -33.278636716229052 ], [ -69.881804706117592, -33.27643263388893 ], [ -69.877680145389476, -33.276735062895121 ], [ -69.875547683245543, -33.276214706002818 ], [ -69.872152273355439, -33.276961423401175 ], [ -69.867739259996327, -33.27966949908982 ], [ -69.859783808586243, -33.28296906552589 ], [ -69.855371173417879, -33.278697659298892 ], [ -69.848989806642507, -33.27550605565628 ], [ -69.846247406386937, -33.275549655149355 ], [ -69.843030946291336, -33.273907614099919 ], [ -69.840613222332294, -33.271798952660653 ], [ -69.833568677891677, -33.273684808633462 ], [ -69.83183012879644, -33.275552903349372 ], [ -69.831610319131244, -33.277187162982038 ], [ -69.829669307737291, -33.278159871230251 ], [ -69.828171738903549, -33.280245090138976 ], [ -69.824347668231241, -33.280540276195694 ], [ -69.816680820369115, -33.288103799015225 ], [ -69.814424005338708, -33.289152972648353 ], [ -69.811903534772412, -33.288984519671942 ], [ -69.810034772181794, -33.28972569802081 ], [ -69.806577310265141, -33.289279286448554 ], [ -69.801650732753032, -33.287168317003406 ], [ -69.799914911841341, -33.288108502783679 ], [ -69.795816799311808, -33.299530130452681 ], [ -69.793294445876668, -33.301661981751451 ], [ -69.792026423547483, -33.306754929242459 ], [ -69.790702529600892, -33.309017993456095 ], [ -69.786517876071812, -33.313186814272015 ], [ -69.784214860686347, -33.314476538437582 ], [ -69.783324079572509, -33.318392111870885 ], [ -69.780765397368981, -33.321656647047895 ], [ -69.778386815701808, -33.327756206280974 ], [ -69.77660840296754, -33.32914262145016 ], [ -69.776634984116797, -33.332693184816286 ], [ -69.769813556938246, -33.343164918733684 ], [ -69.769613595549259, -33.345927489299804 ], [ -69.769913917620087, -33.350510867224507 ], [ -69.770739965236245, -33.352605068428723 ], [ -69.770268156574275, -33.356060374702629 ], [ -69.77100339170174, -33.360240661094515 ], [ -69.773223886048569, -33.366368076650019 ], [ -69.773604142908354, -33.370574660910449 ], [ -69.775210278534061, -33.376863576876715 ], [ -69.777690528830135, -33.380812800144142 ], [ -69.778225298613734, -33.383774646028385 ], [ -69.784825211124684, -33.391108712242108 ], [ -69.786907239153635, -33.392863565498637 ], [ -69.795243167510705, -33.396852216920095 ], [ -69.815728461539194, -33.391138454808512 ], [ -69.807199259750405, -33.396578863908559 ], [ -69.802334618382204, -33.403237433318807 ], [ -69.801008634055947, -33.404014650648719 ], [ -69.797110283489417, -33.412690810516736 ], [ -69.797733787060139, -33.417282783168588 ], [ -69.796216881091581, -33.419632500050298 ], [ -69.796036145446308, -33.423011697046249 ], [ -69.798513174383785, -33.424437044892073 ], [ -69.807162907625809, -33.424176074544803 ], [ -69.8116238910211, -33.427008829947837 ], [ -69.818075609357948, -33.429295743353585 ], [ -69.819037797553719, -33.43128566719605 ], [ -69.818622464177054, -33.435338514784782 ], [ -69.814632899574875, -33.43977730416605 ], [ -69.814482226050586, -33.442855084530109 ], [ -69.819203578046128, -33.451495097496256 ], [ -69.821341199214757, -33.452701191588751 ], [ -69.821342966200916, -33.460161796830604 ], [ -69.820772440774078, -33.461488586090951 ], [ -69.819383615700431, -33.461930230389385 ], [ -69.817096886771068, -33.465166255873001 ], [ -69.815133603446256, -33.469370167769078 ], [ -69.816685262538186, -33.471254179240539 ], [ -69.822191381867626, -33.473695629836755 ], [ -69.825990818039926, -33.474512079737636 ], [ -69.827863026567968, -33.476080755021393 ], [ -69.829410586647256, -33.478964013752496 ], [ -69.830019963311813, -33.485364975767475 ], [ -69.831796547974491, -33.489221369592848 ], [ -69.832537618558021, -33.495128086348245 ], [ -69.83186522327965, -33.50211933059218 ], [ -69.832968428110391, -33.505690875628773 ], [ -69.832557128169356, -33.507722324915264 ], [ -69.835362996196366, -33.515376767527094 ], [ -69.838557727841888, -33.518144217706691 ], [ -69.846959692253819, -33.520309457010164 ], [ -69.856159710082693, -33.525564555862175 ], [ -69.857482173911364, -33.529676439555928 ], [ -69.860362044253179, -33.53256082480614 ], [ -69.864438697827183, -33.534396339766317 ], [ -69.869931797873207, -33.537839417433482 ], [ -69.871525153167383, -33.539477035082072 ], [ -69.871782311188838, -33.54761928567391 ], [ -69.87282772739735, -33.552678585513227 ], [ -69.874082987361291, -33.555454748969041 ], [ -69.868820366271095, -33.566064802302023 ], [ -69.869148544200584, -33.572048869339007 ], [ -69.868100837288083, -33.573819778832437 ], [ -69.865403475865918, -33.584621852133267 ], [ -69.867539648051988, -33.595827526975839 ], [ -69.869204083441332, -33.596067790602326 ], [ -69.873506026403774, -33.59978114469358 ], [ -69.874786863200484, -33.602009093570977 ], [ -69.874374152904451, -33.604806023478822 ], [ -69.875158776507902, -33.60791839478361 ], [ -69.880851218105363, -33.618645656935435 ], [ -69.876804536820799, -33.622065149265104 ], [ -69.874945740139964, -33.624728046924744 ], [ -69.876095578313723, -33.630493286947797 ], [ -69.873997546798009, -33.634098423395457 ], [ -69.873826248853092, -33.636592104492344 ], [ -69.874764987426687, -33.640653843761442 ], [ -69.876996893970912, -33.643249837713213 ], [ -69.877471681446337, -33.646090895504585 ], [ -69.874290367936212, -33.649385296487701 ], [ -69.870825765311366, -33.650953375369539 ], [ -69.870388077358839, -33.652792728129739 ], [ -69.875927528676897, -33.658507199824882 ], [ -69.879256139842482, -33.658599026258536 ], [ -69.88231825589753, -33.672314321661617 ], [ -69.881557313681611, -33.673394830767911 ], [ -69.882266173374006, -33.678246503420567 ], [ -69.884331046275975, -33.683775881390382 ], [ -69.882727580443259, -33.685857041460842 ], [ -69.877964540330325, -33.688423699602936 ], [ -69.873351225120743, -33.694373417635511 ], [ -69.871972482737846, -33.698156747100874 ], [ -69.871125861006746, -33.703394025949024 ], [ -69.869313967163507, -33.706272203771299 ], [ -69.869228209494921, -33.709123221744157 ], [ -69.864571812880939, -33.715061680355078 ], [ -69.864554706262979, -33.717244677255721 ], [ -69.866499419614229, -33.718582001589517 ], [ -69.868992487971099, -33.72328295296132 ], [ -69.874179681120182, -33.727551135025713 ], [ -69.875383058884879, -33.731000841181903 ], [ -69.877656570901479, -33.733573465763243 ], [ -69.877753692258409, -33.735727889509 ], [ -69.876583487480517, -33.737989037691534 ], [ -69.882751336390953, -33.744072145373366 ], [ -69.884964234583762, -33.744964443145228 ], [ -69.889422623644506, -33.748696676996047 ], [ -69.893353672887372, -33.753747727570506 ], [ -69.896457029698809, -33.755707709769311 ], [ -69.899789244905307, -33.760786067330095 ], [ -69.900645906208013, -33.766325453612424 ], [ -69.902722450022154, -33.768540391284219 ], [ -69.904235504014764, -33.774126157157077 ], [ -69.903958222832657, -33.776890248655363 ], [ -69.902587684763233, -33.780430906612843 ], [ -69.897780501437254, -33.78282922017479 ], [ -69.895123835494076, -33.789917513763534 ], [ -69.893561302295623, -33.791334079131353 ], [ -69.895278113059305, -33.795621483394235 ], [ -69.895335281843984, -33.802017486473694 ], [ -69.89283909094317, -33.805598593199996 ], [ -69.893085312874334, -33.80749979693158 ], [ -69.896340459815974, -33.811440160724167 ], [ -69.896683124876049, -33.81389576536727 ], [ -69.896683199436211, -33.821548127050256 ], [ -69.894745823524204, -33.823799088337736 ], [ -69.894781974426181, -33.827873681829011 ], [ -69.897101970665489, -33.828856886203127 ], [ -69.897264819056815, -33.831047472112196 ], [ -69.895764809500449, -33.832408046554939 ], [ -69.895285454091791, -33.83644494225944 ], [ -69.897957055424854, -33.839896760764077 ], [ -69.898948013065919, -33.843823576361046 ], [ -69.898334953308705, -33.847580332842504 ], [ -69.897750177008191, -33.848213470798235 ], [ -69.893536493522419, -33.84818712275306 ], [ -69.888347417504519, -33.850285842645512 ], [ -69.886272942510487, -33.850402213988552 ], [ -69.88561618151131, -33.851243863306493 ], [ -69.885517198845108, -33.853545092706533 ], [ -69.884047552345336, -33.855604668117621 ], [ -69.878634914399314, -33.858958869900697 ], [ -69.875055880780295, -33.859683249089819 ], [ -69.873214810554956, -33.860786131216081 ], [ -69.872839350698811, -33.863156762657212 ], [ -69.869415252211795, -33.868651139726282 ], [ -69.869509579808209, -33.875796050821293 ], [ -69.867920186084447, -33.878543741931217 ], [ -69.867555573385346, -33.881167024319453 ], [ -69.863183680408369, -33.882524191114427 ], [ -69.860961012138532, -33.884362834532283 ], [ -69.857621189099902, -33.885600882219975 ], [ -69.856549598678953, -33.886632182524011 ], [ -69.856759758641346, -33.889328936757742 ], [ -69.855387406873376, -33.892238602949938 ], [ -69.860510429768425, -33.897176083939804 ], [ -69.862829372283898, -33.89834462024902 ], [ -69.864363396548498, -33.900682543283502 ], [ -69.872819506015858, -33.907064592335736 ], [ -69.875083885759295, -33.911287879447087 ], [ -69.875456411717735, -33.914225539403162 ], [ -69.881420536196458, -33.915014527022116 ], [ -69.884726580783777, -33.916408444325036 ], [ -69.890665046683054, -33.921275152482053 ], [ -69.891945850242081, -33.924092994450341 ], [ -69.89157066976199, -33.931592140146904 ], [ -69.894058046393212, -33.935711922179145 ], [ -69.892184101421748, -33.940226527558174 ], [ -69.895306403702534, -33.945160636147754 ], [ -69.900705881329642, -33.949392261633456 ], [ -69.900507055411182, -33.956092942055911 ], [ -69.905934476931833, -33.963463868080851 ], [ -69.903673120917659, -33.967134077479827 ], [ -69.899615256506138, -33.971472631184859 ], [ -69.89445171689681, -33.973171608042357 ], [ -69.890409560426349, -33.975295270202849 ], [ -69.885361645672205, -33.975467705938804 ], [ -69.882363813058859, -33.976621449437715 ], [ -69.88090958703927, -33.97635821706006 ], [ -69.880093056175241, -33.974734710848594 ], [ -69.879822920192879, -33.971306022842789 ], [ -69.877486198221334, -33.967250880952058 ], [ -69.874155032247074, -33.964572421176719 ], [ -69.869469977578916, -33.963417614911343 ], [ -69.857045713057531, -33.963339045560296 ], [ -69.855581663960308, -33.963826942666884 ], [ -69.85297778392156, -33.974217584372603 ], [ -69.845708600472804, -33.981917831210943 ], [ -69.843623700529875, -33.988489375545292 ], [ -69.84087238898671, -33.992560977519737 ], [ -69.841785475269049, -33.994130225801307 ], [ -69.840775140068985, -33.996564020003802 ], [ -69.84240281999017, -33.999153904153538 ], [ -69.840501467419372, -34.00236066818433 ], [ -69.839302422229281, -34.007735716032066 ], [ -69.835894842862018, -34.007794900092932 ], [ -69.82387496574556, -34.010521051484702 ], [ -69.822019596137537, -34.01320267487359 ], [ -69.821570110610409, -34.015556539255599 ], [ -69.823664769850552, -34.017729521381455 ], [ -69.828023878902727, -34.024468824178818 ], [ -69.832046087384001, -34.027285822846416 ], [ -69.836846490226236, -34.032197496825773 ], [ -69.842188501726312, -34.034988616377554 ], [ -69.84669386009999, -34.041292323015007 ], [ -69.847277355402909, -34.045306015137157 ], [ -69.8495509311999, -34.051119627514929 ], [ -69.853720780493049, -34.055202858186583 ], [ -69.854196465385442, -34.056424988379277 ], [ -69.853898946058308, -34.058780773518741 ], [ -69.850696256237683, -34.061514274659267 ], [ -69.85011145478434, -34.065514962251285 ], [ -69.848486028736218, -34.068418268946758 ], [ -69.845076733586765, -34.070237983726237 ], [ -69.835451460488926, -34.071341132598498 ], [ -69.833121049182239, -34.070972781934124 ], [ -69.832300252218914, -34.073346984516419 ], [ -69.834137455196966, -34.077174913586383 ], [ -69.833613433755744, -34.082492594318012 ], [ -69.834022097141442, -34.086255804896226 ], [ -69.837134142458311, -34.087715174647528 ], [ -69.837075771727783, -34.090553780862649 ], [ -69.839617076022151, -34.092457292005086 ], [ -69.842218834240199, -34.095826533689213 ], [ -69.853124582113708, -34.099229641893437 ], [ -69.85601730105904, -34.100647862659152 ], [ -69.85776016116931, -34.102643579630502 ], [ -69.8601312095645, -34.104044287128012 ], [ -69.857961462844685, -34.109230078218182 ], [ -69.857613521080637, -34.112200653528532 ], [ -69.856217758318053, -34.113546780376076 ], [ -69.857656054512702, -34.115736848126254 ], [ -69.860170059005597, -34.116814883292591 ], [ -69.864028470474594, -34.12169524677013 ], [ -69.870828957923877, -34.124911303483557 ], [ -69.871892362895963, -34.130039183793251 ], [ -69.873057548786377, -34.132100602091718 ], [ -69.872947428807265, -34.133919453591588 ], [ -69.870643731600495, -34.135290809811956 ], [ -69.869958591024869, -34.140922261593751 ], [ -69.865647416974582, -34.141884463244111 ], [ -69.864887200597408, -34.140697113331228 ], [ -69.863430970436397, -34.140525792605018 ], [ -69.856679195031717, -34.145477548949962 ], [ -69.855656896967034, -34.147318487202092 ], [ -69.853697372193395, -34.147704476015193 ], [ -69.845440579124627, -34.153201268548813 ], [ -69.840628624846147, -34.155601003397493 ], [ -69.838305909406486, -34.15806491545986 ], [ -69.836537867722171, -34.158526157472835 ], [ -69.834554890631395, -34.161287997350485 ], [ -69.834966098944278, -34.163101862527228 ], [ -69.834515733068159, -34.165554650272917 ], [ -69.832463221882819, -34.167422043013509 ], [ -69.829655968653626, -34.168276021711144 ], [ -69.827967539263057, -34.168051606376814 ], [ -69.823355005587771, -34.170832676556159 ], [ -69.822488048693586, -34.172583416356893 ], [ -69.815770220623492, -34.177026516950626 ], [ -69.813798930614553, -34.179842539315686 ], [ -69.811628255935062, -34.184770619078193 ], [ -69.809063676291672, -34.187669463935229 ], [ -69.801641372307785, -34.193018266726085 ], [ -69.800574415397065, -34.195081004057677 ], [ -69.800871847587629, -34.197490207360111 ], [ -69.799182030299932, -34.2056056742572 ], [ -69.797383929189579, -34.207865922920625 ], [ -69.797414665047015, -34.210203882590918 ], [ -69.800523495293504, -34.216522445677896 ], [ -69.798724622530301, -34.21909226343606 ], [ -69.799538398261348, -34.221555004848462 ], [ -69.801108842024206, -34.222240289639181 ], [ -69.802036832255425, -34.225759511905395 ], [ -69.805391871856642, -34.226701778951089 ], [ -69.805120613878501, -34.230656442899829 ], [ -69.802336644083169, -34.234585408058543 ], [ -69.805239189699378, -34.240584031547748 ], [ -69.805470166321868, -34.24633040819068 ], [ -69.806585806531089, -34.248088741272902 ], [ -69.813185752279708, -34.247963579810047 ], [ -69.816310447672421, -34.247218223868607 ], [ -69.824143791085916, -34.249211399081794 ], [ -69.827200870287186, -34.252780573145124 ], [ -69.827062295273166, -34.254575612719542 ], [ -69.828012129837134, -34.2563627139888 ], [ -69.831861170081083, -34.256894647241801 ], [ -69.834283955148436, -34.256114587256889 ], [ -69.846346520207177, -34.257326070773928 ], [ -69.853653525424363, -34.256035451021255 ], [ -69.856463541871349, -34.26143500914494 ], [ -69.859062556634527, -34.260810514610853 ], [ -69.861423477423216, -34.264056933078933 ], [ -69.864339500463629, -34.263504048023776 ], [ -69.86806497564362, -34.265830690992203 ], [ -69.87171582867127, -34.266726758965547 ], [ -69.878712186581751, -34.266876042442284 ], [ -69.882067976276232, -34.265431659767323 ], [ -69.884220334307102, -34.263593805693624 ], [ -69.886842499553453, -34.265154732225675 ], [ -69.895585051222199, -34.26529891001676 ], [ -69.897172839656548, -34.265977598903767 ], [ -69.899500095181665, -34.270716776835911 ], [ -69.898369150374918, -34.276338272279553 ], [ -69.898726091461498, -34.28104475071796 ], [ -69.897844221635282, -34.284745101779059 ], [ -69.900083326379871, -34.285203180563641 ], [ -69.909373114651729, -34.290669383129547 ], [ -69.917522640790722, -34.289410207387391 ], [ -69.922246600595543, -34.289606562501554 ], [ -69.92377729480539, -34.284811782344185 ], [ -69.927197703911517, -34.282702496007197 ], [ -69.929198118200276, -34.282497332051875 ], [ -69.931296179360402, -34.28131017431248 ], [ -69.940233694191917, -34.279780285305982 ], [ -69.940246267910965, -34.276953176788147 ], [ -69.941894255147446, -34.272541278681679 ], [ -69.945815484007625, -34.270024337575549 ], [ -69.947571386757517, -34.26671095198391 ], [ -69.949489273719436, -34.265511433052637 ], [ -69.954559461302736, -34.259678171837159 ], [ -69.962757544077789, -34.253734922036301 ], [ -69.97085486821733, -34.249916675918612 ], [ -69.973473118605668, -34.249848704619083 ], [ -69.975392441075414, -34.251467586375796 ], [ -69.983548120674101, -34.254346449362849 ], [ -69.985129222947805, -34.257531617644062 ], [ -69.985307722686343, -34.259601292300005 ], [ -69.987104826666737, -34.261093307628414 ], [ -69.989946924647455, -34.260813593521114 ], [ -69.991675082031477, -34.261334630821231 ], [ -69.996672646213966, -34.260566639616016 ], [ -70.002877041285117, -34.261626308288875 ], [ -70.004189601187775, -34.262103214899035 ], [ -70.006117295955974, -34.265559478281844 ], [ -70.008558623149113, -34.265316772977798 ], [ -70.011289768412468, -34.266271889089602 ], [ -70.015286073074208, -34.274805825313685 ], [ -70.019629067248502, -34.276160690294901 ], [ -70.018808626018028, -34.280056322942755 ], [ -70.019200763097444, -34.281243219301089 ], [ -70.023353192260615, -34.282611634225525 ], [ -70.025004383787731, -34.286020027573286 ], [ -70.02802762165561, -34.287840544162002 ], [ -70.030553067990283, -34.288551134822718 ] ] ] } },
{ "type": "Feature", "properties": { "Comuna": "Tiltil" }, "geometry": { "type": "Polygon", "coordinates": [ [ [ -70.728235061920969, -32.924571629048877 ], [ -70.726010989584353, -32.926479343234654 ], [ -70.723423543325396, -32.927222922277444 ], [ -70.722632517428934, -32.929711242649823 ], [ -70.723691555690422, -32.932386383661083 ], [ -70.722464478571879, -32.934031369975656 ], [ -70.722373400181851, -32.937996466064874 ], [ -70.720846122265044, -32.941485973673771 ], [ -70.721341583568417, -32.949725397057769 ], [ -70.719999169953908, -32.953029858049767 ], [ -70.722442798630823, -32.953568987628842 ], [ -70.728288408374112, -32.959319341482377 ], [ -70.734012803046227, -32.962123732899165 ], [ -70.738116342298383, -32.965813948914871 ], [ -70.742012606976829, -32.966947149072851 ], [ -70.743480587101743, -32.966551271044771 ], [ -70.747277419956319, -32.967014186727425 ], [ -70.749832636459516, -32.968655508104895 ], [ -70.753902779044338, -32.974402868761345 ], [ -70.760066023190646, -32.97772108667111 ], [ -70.761075206750476, -32.98003048237689 ], [ -70.766863625251219, -32.9815606245987 ], [ -70.77041402237559, -32.98371027044923 ], [ -70.766798788447275, -32.987382677591974 ], [ -70.763414182595099, -32.988728325654698 ], [ -70.761650502231475, -32.991100788694872 ], [ -70.759907153437695, -32.99519953283037 ], [ -70.759033373838932, -32.999323458729876 ], [ -70.759765605000055, -33.002200023061569 ], [ -70.75895328992965, -33.005023961929524 ], [ -70.753920340209831, -33.007136565367567 ], [ -70.750205484014799, -33.012163626602998 ], [ -70.755421898461734, -33.016152600779819 ], [ -70.757061235820359, -33.02028094620669 ], [ -70.753529325126223, -33.023341118814542 ], [ -70.753064917683901, -33.024951590359741 ], [ -70.753774475367237, -33.026282252813779 ], [ -70.756106953697412, -33.02807354900358 ], [ -70.758036205246, -33.032211750995522 ], [ -70.761464492577176, -33.034213048120165 ], [ -70.762301473588636, -33.036567388734156 ], [ -70.760688321222233, -33.039326028316516 ], [ -70.759465975530304, -33.044075451795486 ], [ -70.761192470132727, -33.047008802115442 ], [ -70.764822071715713, -33.048510228893647 ], [ -70.766890388758483, -33.055357469189232 ], [ -70.763539984464131, -33.059064985934874 ], [ -70.759727483194354, -33.061632763461233 ], [ -70.753190431193701, -33.064091008823723 ], [ -70.750441244166183, -33.067161231292815 ], [ -70.74696317399858, -33.068910660997496 ], [ -70.748038157356376, -33.07997457106076 ], [ -70.754299124730849, -33.093393024935587 ], [ -70.758513006744295, -33.100433616785466 ], [ -70.759755596869482, -33.104106877328583 ], [ -70.757716855959117, -33.107432675606908 ], [ -70.757149913013635, -33.110799161279722 ], [ -70.754439990448873, -33.116277098687888 ], [ -70.75428848418629, -33.118194484811504 ], [ -70.759177088114711, -33.123192859159957 ], [ -70.759235258520945, -33.126104803770481 ], [ -70.754216262332406, -33.133636958041642 ], [ -70.754027564020447, -33.136073494908501 ], [ -70.754972116490563, -33.138254698272959 ], [ -70.752929300822075, -33.14161128625296 ], [ -70.748925606618812, -33.144245003924233 ], [ -70.744208382381998, -33.145548125644709 ], [ -70.74368277721095, -33.147749998873479 ], [ -70.74244517902379, -33.148519339604078 ], [ -70.741980226304094, -33.15280131577962 ], [ -70.739243044362013, -33.155911850828033 ], [ -70.73872277518376, -33.158392965764797 ], [ -70.734920691676336, -33.160441042703361 ], [ -70.734381927084684, -33.164398727295314 ], [ -70.735735986458522, -33.166626525041323 ], [ -70.739448533084939, -33.168575944407024 ], [ -70.743667335171196, -33.169004228784985 ], [ -70.74526002301711, -33.169950758953199 ], [ -70.745656608553816, -33.171703223875262 ], [ -70.751391311393832, -33.174453635584413 ], [ -70.754471956998245, -33.178838547985585 ], [ -70.756456159391078, -33.179600032033342 ], [ -70.7598008495019, -33.17852040320016 ], [ -70.764341051728834, -33.179049150426906 ], [ -70.770009566698718, -33.174777829840409 ], [ -70.774095021965891, -33.175416784561534 ], [ -70.776050435150481, -33.173658811751757 ], [ -70.781969052773547, -33.171972240497318 ], [ -70.785582065168171, -33.171527062140591 ], [ -70.791950489016941, -33.173035305732206 ], [ -70.798463962037999, -33.169674619782207 ], [ -70.799982219072746, -33.16976644795664 ], [ -70.802215973451482, -33.172081012989011 ], [ -70.807646327971554, -33.17175965552876 ], [ -70.811255469525619, -33.174656471707159 ], [ -70.81899256833789, -33.176863110354645 ], [ -70.821956851570306, -33.179629766320943 ], [ -70.823749227717357, -33.183244501000416 ], [ -70.825863564553828, -33.184905887033985 ], [ -70.827210175097335, -33.18468524998292 ], [ -70.830802459765096, -33.181381918166608 ], [ -70.835257304972032, -33.179697724031996 ], [ -70.857175726289015, -33.18140782574735 ], [ -70.857206114498467, -33.182210785532895 ], [ -70.852241338823873, -33.18463111441072 ], [ -70.850378389231466, -33.187902773688521 ], [ -70.849177353374685, -33.194525685964912 ], [ -70.850048835981255, -33.197771522455021 ], [ -70.856528286209254, -33.204083167168818 ], [ -70.861908183258109, -33.217638194290792 ], [ -70.863287511342605, -33.220454844016658 ], [ -70.865965942566774, -33.223431807469602 ], [ -70.866818595586679, -33.22577131404465 ], [ -70.875261907654519, -33.227493711330247 ], [ -70.878742444595886, -33.226572987081333 ], [ -70.881128741893022, -33.22699901233382 ], [ -70.882950395033504, -33.228860828476954 ], [ -70.88402543049358, -33.226413430813899 ], [ -70.887832985639406, -33.22392191710707 ], [ -70.886775391868881, -33.22226777395791 ], [ -70.886215238390321, -33.214688665267651 ], [ -70.888561027956356, -33.212887356849215 ], [ -70.892579773432217, -33.211987858187072 ], [ -70.894592345520024, -33.210886830362284 ], [ -70.894453396806824, -33.20915352210416 ], [ -70.892190156127199, -33.205650256881746 ], [ -70.890538055505019, -33.198797267552656 ], [ -70.889761587706019, -33.187990599826009 ], [ -70.890317978141866, -33.183703223984161 ], [ -70.89292903392311, -33.181086649095526 ], [ -70.909111968170848, -33.181507443440239 ], [ -70.918257497787863, -33.184516443750368 ], [ -70.929834706691835, -33.186791308056804 ], [ -70.931907947400688, -33.185880016935833 ], [ -70.93294499490402, -33.184002834241831 ], [ -70.934186893326441, -33.183697195906838 ], [ -70.935835265940185, -33.181237804242592 ], [ -70.939244270035488, -33.178846489880193 ], [ -70.940559478171593, -33.176726220560781 ], [ -70.946339530662087, -33.17387877729918 ], [ -70.95329181991967, -33.172499945227649 ], [ -70.957937151085957, -33.176201327001081 ], [ -70.963304400753955, -33.177520112073729 ], [ -70.972712317485659, -33.174468717141423 ], [ -70.975104895803284, -33.172072750916186 ], [ -70.978167638882425, -33.173514394890823 ], [ -70.980568549972602, -33.173132545632896 ], [ -70.981699054604846, -33.172294980703462 ], [ -70.983457219312626, -33.172933032435189 ], [ -70.985682074980176, -33.177474256946844 ], [ -70.993376484053513, -33.177663965950252 ], [ -70.991583810564109, -33.175793023821214 ], [ -70.994513226587088, -33.171975865497267 ], [ -70.995132223310023, -33.169761152059792 ], [ -71.001013628222438, -33.161915800749767 ], [ -71.004044835943532, -33.158909167954718 ], [ -71.004606088960003, -33.154364073418222 ], [ -71.009173544276024, -33.154322064297851 ], [ -71.011584777008835, -33.152844788429299 ], [ -71.014459371544959, -33.148379570808352 ], [ -71.014334287429847, -33.146803335857342 ], [ -71.012072579276094, -33.144143624455495 ], [ -71.013201687926383, -33.142628376116249 ], [ -71.01238137335838, -33.13636515821878 ], [ -71.012749546979265, -33.132215493837833 ], [ -71.016496245756159, -33.123195563811038 ], [ -71.019322881934215, -33.120052123765284 ], [ -71.020138330328322, -33.110619701924122 ], [ -71.018317299720337, -33.106428736936991 ], [ -71.015284258537747, -33.09519643383566 ], [ -71.023221335807008, -33.087434080290876 ], [ -71.029178642072736, -33.084027620888548 ], [ -71.027360271376295, -33.082001194590482 ], [ -71.026123041498423, -33.07825175929645 ], [ -71.022455891234884, -33.076449069495332 ], [ -71.017942758840718, -33.071918597782052 ], [ -71.018211318279739, -33.070223389657201 ], [ -71.011892619775224, -33.065135623251528 ], [ -71.009312652889335, -33.065213283303841 ], [ -71.00878898268941, -33.064554404201324 ], [ -71.010218978450851, -33.060225216752542 ], [ -71.008184021244475, -33.056736502893173 ], [ -71.007713400155325, -33.05300604170283 ], [ -71.006955989216777, -33.052337395151334 ], [ -71.00488783836235, -33.052880260368447 ], [ -71.000890393738516, -33.050405797921407 ], [ -71.001613211453787, -33.047905242910758 ], [ -71.006036614727449, -33.045633769608528 ], [ -71.007796435928611, -33.044058856871402 ], [ -71.00794242384039, -33.04200039336164 ], [ -71.013582211585785, -33.038022705571649 ], [ -71.014454479319923, -33.035564660182565 ], [ -71.014672001874402, -33.03217489803837 ], [ -71.017063398907425, -33.027694832348025 ], [ -71.016989426237032, -33.025414519120837 ], [ -71.019905390886947, -33.020934931532899 ], [ -71.019789687878358, -33.01825392686154 ], [ -71.019053972152236, -33.01729636153167 ], [ -71.019855080739475, -33.015358113028029 ], [ -71.020064820290315, -33.011621173385322 ], [ -71.026832722250973, -33.005198866488435 ], [ -71.027174014685301, -33.000296528809997 ], [ -71.028015393848392, -32.99746921777853 ], [ -71.027082347898755, -32.991329468517122 ], [ -71.027762520790873, -32.989053156994906 ], [ -71.022837351837126, -32.985105715722298 ], [ -71.021311672910841, -32.982102457926899 ], [ -71.016054511791609, -32.977701781436693 ], [ -71.01422594701333, -32.976755464839393 ], [ -71.010313932173005, -32.976044444711434 ], [ -71.005279944000719, -32.976265182232375 ], [ -70.999659676646431, -32.975593294818907 ], [ -70.987492325804752, -32.979052144448886 ], [ -70.985631576186478, -32.978680529198584 ], [ -70.981644589749166, -32.976178133131718 ], [ -70.974526075333117, -32.975901592358191 ], [ -70.971031605521702, -32.976548348944888 ], [ -70.9629845529021, -32.973643654075794 ], [ -70.957560537792986, -32.970327644880776 ], [ -70.952909669411284, -32.966259856430099 ], [ -70.946832513513598, -32.972320464031426 ], [ -70.939738166473632, -32.973012528924883 ], [ -70.929192194769712, -32.968197806567069 ], [ -70.926502779844569, -32.966004739633753 ], [ -70.925683104877052, -32.964612515266602 ], [ -70.925212133444944, -32.959074255766581 ], [ -70.922101495788127, -32.95313315078171 ], [ -70.916632254097721, -32.947597784978733 ], [ -70.915956462289259, -32.944724450290735 ], [ -70.911858584220042, -32.945822430263817 ], [ -70.909211167331037, -32.945049595756338 ], [ -70.908238832664139, -32.943124103109305 ], [ -70.907188599689064, -32.936516097094248 ], [ -70.905255945322196, -32.935648329662058 ], [ -70.901892391488687, -32.935537197383923 ], [ -70.897877610278186, -32.934317637327318 ], [ -70.894166853994136, -32.935000746684736 ], [ -70.887692159447269, -32.938787242772861 ], [ -70.885901808102844, -32.938710633130022 ], [ -70.88299806143911, -32.936865049413001 ], [ -70.878211599551761, -32.935210030299771 ], [ -70.872342820460659, -32.931131620660189 ], [ -70.870841304429561, -32.930847514461412 ], [ -70.868396366907305, -32.93208804503243 ], [ -70.865111234201478, -32.932249872475133 ], [ -70.861816189484827, -32.93011654162914 ], [ -70.85548680192673, -32.929678547365455 ], [ -70.848750169422786, -32.927424673641461 ], [ -70.841959659561383, -32.922479032436968 ], [ -70.841136943796613, -32.922576858547352 ], [ -70.839455586842263, -32.925036637597813 ], [ -70.83731716257978, -32.926732029310052 ], [ -70.833100136462832, -32.927925816486379 ], [ -70.825588678280269, -32.927895941277562 ], [ -70.82185002571336, -32.928658509196396 ], [ -70.816842554909925, -32.930665912783006 ], [ -70.811544340771533, -32.929489242012146 ], [ -70.804720851061077, -32.925213961163209 ], [ -70.801826236670507, -32.924904063931862 ], [ -70.798576732945506, -32.925730989493971 ], [ -70.79601369121788, -32.925650608974912 ], [ -70.793968283011495, -32.926090327267723 ], [ -70.792853833070026, -32.929005853326636 ], [ -70.790064865946761, -32.929843904869209 ], [ -70.785113190403962, -32.92876494139766 ], [ -70.78174235303014, -32.929205291893595 ], [ -70.777190629011358, -32.933815580707972 ], [ -70.771552912781004, -32.935528055100093 ], [ -70.76817526258408, -32.93487248393609 ], [ -70.764605870583026, -32.932818295109662 ], [ -70.762661427624678, -32.930229605643667 ], [ -70.761278957233344, -32.929450887932603 ], [ -70.759929790084541, -32.930356772045194 ], [ -70.756994778455635, -32.930841517299974 ], [ -70.752807071552951, -32.929126590662328 ], [ -70.749245641320243, -32.929841658735619 ], [ -70.744961639510663, -32.928571324979778 ], [ -70.741691633535936, -32.925379823915449 ], [ -70.739320210543255, -32.925102553373755 ], [ -70.736454993520354, -32.923767758011138 ], [ -70.730980609873271, -32.926149496036793 ], [ -70.729981925822443, -32.926163400929305 ], [ -70.728235061920969, -32.924571629048877 ] ] ] } },
{ "type": "Feature", "properties": { "Comuna": "Melipilla" }, "geometry": { "type": "Polygon", "coordinates": [ [ [ -71.393963164344456, -33.766825356970344 ], [ -71.387292960741618, -33.767834701364741 ], [ -71.383106428835305, -33.765393849178444 ], [ -71.375591391764644, -33.765805098228746 ], [ -71.373778610385898, -33.763992317259536 ], [ -71.368867118282367, -33.762868184022828 ], [ -71.368269330783292, -33.76161826406944 ], [ -71.365008669982444, -33.760477032377224 ], [ -71.362400397181958, -33.758348815109237 ], [ -71.362128420551613, -33.755857764466512 ], [ -71.359364032232818, -33.751961851298873 ], [ -71.359071786914711, -33.746750392696789 ], [ -71.362192389582987, -33.746917580148555 ], [ -71.36439617346889, -33.745844335865755 ], [ -71.367457159443333, -33.746031161076715 ], [ -71.368290888553474, -33.744296843669055 ], [ -71.370107661147017, -33.744114681021358 ], [ -71.371247210915854, -33.742816459549395 ], [ -71.372982921334781, -33.743961334772159 ], [ -71.375166967437309, -33.744312036321773 ], [ -71.385734252569634, -33.739689794664365 ], [ -71.389650139148827, -33.738926747997169 ], [ -71.392172942639917, -33.736668678421012 ], [ -71.391584444619198, -33.734520083676777 ], [ -71.390154712064131, -33.73275583144266 ], [ -71.390402162890624, -33.728970886810082 ], [ -71.392706187982469, -33.727306166105308 ], [ -71.394287612751341, -33.727128293956994 ], [ -71.39569705056752, -33.724989913550182 ], [ -71.395572833326653, -33.722635851964398 ], [ -71.396836032601087, -33.720524967136271 ], [ -71.399022216693965, -33.718862424318509 ], [ -71.400906587512637, -33.719022110516832 ], [ -71.403526948043591, -33.718185602298014 ], [ -71.406835154875793, -33.714635634166214 ], [ -71.410524496221797, -33.714219973155188 ], [ -71.414331927400113, -33.710684584584776 ], [ -71.41896274538469, -33.708237400133235 ], [ -71.42061341499064, -33.708450560797864 ], [ -71.420007931624497, -33.705713323531022 ], [ -71.422060234400703, -33.701401992227375 ], [ -71.424139009630011, -33.700133849167038 ], [ -71.424566991285886, -33.697597183273466 ], [ -71.422044949566157, -33.689350010083949 ], [ -71.420672869089401, -33.688591473815315 ], [ -71.421415005074849, -33.686785052445671 ], [ -71.435231954730639, -33.685286020071615 ], [ -71.437142475507244, -33.684315543504027 ], [ -71.437919780536049, -33.682729254935573 ], [ -71.437648104841315, -33.679347282950594 ], [ -71.435009109658097, -33.677386554763807 ], [ -71.43367199071389, -33.674737366568181 ], [ -71.433943882902625, -33.671884591620156 ], [ -71.431089017166755, -33.668504349252132 ], [ -71.430531946706239, -33.663311496147074 ], [ -71.426929952148569, -33.660485839668731 ], [ -71.422245534385937, -33.660921449721648 ], [ -71.420114028947765, -33.660275942638684 ], [ -71.418709563306692, -33.658339765444694 ], [ -71.413316982944337, -33.658641543683366 ], [ -71.410463770108592, -33.659482762722718 ], [ -71.405318221957785, -33.662332185152657 ], [ -71.401596984130975, -33.66363194280175 ], [ -71.399772447398448, -33.663470999986693 ], [ -71.398491052747943, -33.661728516678266 ], [ -71.398971464575368, -33.660000939466507 ], [ -71.398215675994223, -33.658150156328695 ], [ -71.395883787857201, -33.656624353124975 ], [ -71.396223782225931, -33.654064940463464 ], [ -71.395447838144761, -33.649366995646922 ], [ -71.396515084313009, -33.645517068956536 ], [ -71.395494797576234, -33.642591230255654 ], [ -71.394283476907773, -33.641240130044977 ], [ -71.387238764482206, -33.639069031022906 ], [ -71.384613377877244, -33.635388629453175 ], [ -71.383073352866546, -33.634878251216435 ], [ -71.382210237168522, -33.633373027066774 ], [ -71.382276249867161, -33.631506135648614 ], [ -71.383786903561344, -33.628826008444385 ], [ -71.384175065595599, -33.625872957322159 ], [ -71.38227838156935, -33.623062048916132 ], [ -71.376898006616742, -33.621594562543855 ], [ -71.373672134871896, -33.621656622036681 ], [ -71.369205680736542, -33.623558743298268 ], [ -71.366666193733991, -33.622969140330859 ], [ -71.359635929811446, -33.623398105550088 ], [ -71.354462284155176, -33.620894851254917 ], [ -71.353755736726342, -33.61864993735788 ], [ -71.352624003198798, -33.618033300737501 ], [ -71.348797108223238, -33.617565980528681 ], [ -71.344490732973185, -33.612394701179156 ], [ -71.33994850594361, -33.611498809870128 ], [ -71.338539924221919, -33.609316272479099 ], [ -71.33590660728963, -33.60740223661368 ], [ -71.336040999747695, -33.601508396260812 ], [ -71.331920497608039, -33.59446746312225 ], [ -71.332033193057043, -33.585579203392804 ], [ -71.329543147531112, -33.584595131960981 ], [ -71.329063345659762, -33.583535650444098 ], [ -71.321329581393826, -33.587216477273458 ], [ -71.31577097529896, -33.588275007369546 ], [ -71.30704379649967, -33.585956997828234 ], [ -71.304845599236486, -33.584757424794049 ], [ -71.299884503959603, -33.586853722503172 ], [ -71.298737261916983, -33.588735850218733 ], [ -71.294230570443418, -33.588628664021492 ], [ -71.291646272779559, -33.587913182734965 ], [ -71.288812190466089, -33.58853826188119 ], [ -71.286477620857951, -33.586482053441316 ], [ -71.283012195376287, -33.584780694237828 ], [ -71.280498040864757, -33.582393662932851 ], [ -71.278264607184568, -33.582005294723743 ], [ -71.2757187304654, -33.580573083302696 ], [ -71.272250530087831, -33.580923144070205 ], [ -71.269634617115841, -33.58227046176544 ], [ -71.267179759497907, -33.582683035009353 ], [ -71.262800502132237, -33.582208866354421 ], [ -71.252333182423016, -33.582752469315565 ], [ -71.251118690701603, -33.581490053900289 ], [ -71.252427786700537, -33.580087150203433 ], [ -71.25328022502309, -33.577023630909181 ], [ -71.25186207444699, -33.575093120681757 ], [ -71.244200152945893, -33.574182720868976 ], [ -71.243079389644592, -33.572723881823954 ], [ -71.2448755827333, -33.569446739638366 ], [ -71.244720882061586, -33.567874945409208 ], [ -71.243432979116847, -33.566562291336126 ], [ -71.240995614392418, -33.567083637803641 ], [ -71.238597621030266, -33.569131037589599 ], [ -71.236009296218981, -33.568223567409348 ], [ -71.234182939499675, -33.565918548819305 ], [ -71.234200195237975, -33.565088350703391 ], [ -71.237761206855737, -33.563486471812148 ], [ -71.238692776873364, -33.561781261609852 ], [ -71.236058773628187, -33.561304071471532 ], [ -71.230855952488128, -33.562877159033739 ], [ -71.226683781049957, -33.557990042507924 ], [ -71.222883773549171, -33.556483752157732 ], [ -71.221597589081554, -33.555218543547227 ], [ -71.221252485095491, -33.550644123957539 ], [ -71.218546169266588, -33.549547589183163 ], [ -71.217896743910018, -33.550895182410002 ], [ -71.215990586250754, -33.552122204032223 ], [ -71.214487577219671, -33.551290260708448 ], [ -71.214383225323019, -33.549431202651348 ], [ -71.216554669858709, -33.547436043044293 ], [ -71.216555590631856, -33.545241150151988 ], [ -71.215738655525954, -33.544492291278381 ], [ -71.210459784810595, -33.543059930781325 ], [ -71.209151765891676, -33.541469218791455 ], [ -71.202952530743531, -33.543623097070352 ], [ -71.20010344836146, -33.545868736458097 ], [ -71.190800839333875, -33.547560668498726 ], [ -71.184720686656419, -33.552773637553912 ], [ -71.180143870895137, -33.554333473413408 ], [ -71.170381434934853, -33.553646220836534 ], [ -71.163822353548511, -33.555717469510668 ], [ -71.15757631976733, -33.5543473274085 ], [ -71.153191243115231, -33.554471421854061 ], [ -71.150821213409571, -33.553128868803547 ], [ -71.15025420848032, -33.550943809567464 ], [ -71.14693023531656, -33.550190373409883 ], [ -71.14028212819062, -33.550973516043427 ], [ -71.138132198305982, -33.549292946696376 ], [ -71.135003828803747, -33.549537756238372 ], [ -71.127873001180106, -33.548454738187445 ], [ -71.121707269598787, -33.550326052550211 ], [ -71.115803711333143, -33.554728786775684 ], [ -71.113544840059035, -33.553410567450214 ], [ -71.110236533513842, -33.548512575388287 ], [ -71.107275000024515, -33.547838161258703 ], [ -71.101010452863619, -33.550033162622682 ], [ -71.09596677456436, -33.550712073250097 ], [ -71.093169391125187, -33.552799901924978 ], [ -71.090985720518475, -33.55325351224883 ], [ -71.086839867921498, -33.550801968490362 ], [ -71.08263134974861, -33.550754301026068 ], [ -71.07829223809297, -33.549328139959002 ], [ -71.076508700470001, -33.54985728594405 ], [ -71.074922091523604, -33.551609116141137 ], [ -71.072390933700376, -33.552159527522512 ], [ -71.070806185164955, -33.554312312116608 ], [ -71.06690796844741, -33.55588692991482 ], [ -71.05917994441613, -33.556059863522592 ], [ -71.048577791176015, -33.553311022828815 ], [ -71.047412983476335, -33.553571114717926 ], [ -71.046237018700836, -33.555168941853744 ], [ -71.042768900069959, -33.554755759493787 ], [ -71.035695649964438, -33.550940135187112 ], [ -71.031521241721208, -33.551457636580828 ], [ -71.029940777251355, -33.549670277048797 ], [ -71.025186475949511, -33.548554125942466 ], [ -71.021258339044792, -33.545443093198287 ], [ -71.019522013279882, -33.545212151473606 ], [ -71.015014539373709, -33.542518054542477 ], [ -71.013444272578965, -33.540167265056816 ], [ -71.01181310629616, -33.539611685789666 ], [ -70.997614462476136, -33.539173548716377 ], [ -70.991739811996354, -33.541415568288329 ], [ -70.989124785661545, -33.54417747582584 ], [ -70.988927609948263, -33.545516748667133 ], [ -70.987523130832471, -33.546398207596717 ], [ -70.98161176620701, -33.547065565380464 ], [ -70.974283072065617, -33.545560321397467 ], [ -70.970265554586746, -33.546817286156802 ], [ -70.960939112356357, -33.547681137104874 ], [ -70.954606226758543, -33.550020355310018 ], [ -70.949266577827672, -33.555738974075119 ], [ -70.948149908149119, -33.566922534057944 ], [ -70.94630055096529, -33.568335471300678 ], [ -70.94330902632187, -33.572199874933204 ], [ -70.939036943359483, -33.574891407866417 ], [ -70.936359124786321, -33.57751006024673 ], [ -70.937320358971263, -33.582258912021175 ], [ -70.935701948765512, -33.583819148506471 ], [ -70.935369300819161, -33.588115029747776 ], [ -70.93669597774651, -33.592583653331459 ], [ -70.941945876895659, -33.595316650275322 ], [ -70.945830207455572, -33.598166423350627 ], [ -70.950181668251417, -33.59895678603467 ], [ -70.95447943674273, -33.604949024550649 ], [ -70.954523730872737, -33.609433766333041 ], [ -70.956159893585152, -33.613702452209893 ], [ -70.957833741522037, -33.614582576866006 ], [ -70.958912920910521, -33.616903642739558 ], [ -70.96474746700278, -33.622680311094236 ], [ -70.967858861939376, -33.624062290393574 ], [ -70.97228661216073, -33.623132843537768 ], [ -70.974593975392168, -33.621511862363604 ], [ -70.975627093664457, -33.619548503442481 ], [ -70.977645871314252, -33.618036974506197 ], [ -70.983202503810432, -33.616611880141974 ], [ -70.987650583804964, -33.616588176421388 ], [ -70.990159768836364, -33.614925476490278 ], [ -70.994770373828757, -33.61370597354933 ], [ -70.999193125823837, -33.615065998795309 ], [ -71.002161012198869, -33.615161136993713 ], [ -71.002713788712327, -33.616870032283252 ], [ -71.011472893636821, -33.62565080139138 ], [ -71.018663417904364, -33.628253478280577 ], [ -71.027764014689168, -33.627150219949677 ], [ -71.030554605966472, -33.629394809160807 ], [ -71.032061972725018, -33.632853348210311 ], [ -71.033505879796948, -33.640893686287072 ], [ -71.036031558795258, -33.642938023909132 ], [ -71.040506681673122, -33.639443716223845 ], [ -71.048262469934883, -33.636561009453686 ], [ -71.051424822704291, -33.636680163163675 ], [ -71.054362138511891, -33.637805746837103 ], [ -71.059628193861414, -33.637978497570622 ], [ -71.060702069596459, -33.637122040725309 ], [ -71.062605234967506, -33.632472836273365 ], [ -71.0650349747918, -33.632567671034515 ], [ -71.069473755426515, -33.630959187729694 ], [ -71.073620176657073, -33.628407939138668 ], [ -71.083186622680245, -33.627725661872518 ], [ -71.086937958560625, -33.631485002998694 ], [ -71.090010972976728, -33.633190779504652 ], [ -71.09789178157321, -33.634184876568938 ], [ -71.105749595095048, -33.685424910909269 ], [ -71.114167726487167, -33.683279748951854 ], [ -71.11324507135042, -33.684646939631108 ], [ -71.100824496209924, -33.692588679414335 ], [ -71.100893004428428, -33.695402676296432 ], [ -71.102348533903495, -33.698908839597863 ], [ -71.102692895881134, -33.705426642482905 ], [ -71.100301215878829, -33.708598876284306 ], [ -71.095667480166185, -33.710951983675116 ], [ -71.097191622064358, -33.715778226800531 ], [ -71.102870982394649, -33.717710458718393 ], [ -71.106600810810505, -33.719702519158488 ], [ -71.109673810853565, -33.723557090981046 ], [ -71.113592201037463, -33.725352174647803 ], [ -71.119318455222199, -33.72960046464236 ], [ -71.120351816937941, -33.731241985685941 ], [ -71.120217509819796, -33.73820046310265 ], [ -71.119265662131269, -33.739876076758826 ], [ -71.115395009319897, -33.740899718670256 ], [ -71.111645974923263, -33.743771964586678 ], [ -71.104262376650013, -33.744855320347654 ], [ -71.091959992851457, -33.747872529336071 ], [ -71.081974698343913, -33.755125255817937 ], [ -71.078339601766345, -33.756462886042073 ], [ -71.076129402112642, -33.75669155804713 ], [ -71.072351817459648, -33.755287242876392 ], [ -71.068612669921038, -33.755477627282218 ], [ -71.063254284828261, -33.753461304040911 ], [ -71.061048685447147, -33.753881018063019 ], [ -71.050185676719906, -33.753296266955424 ], [ -71.048228949300054, -33.754541300410445 ], [ -71.041294041544916, -33.755294361349385 ], [ -71.039033133790056, -33.756608104218188 ], [ -71.037937302331173, -33.758732328748323 ], [ -71.035329039412147, -33.761519573158132 ], [ -71.025809419869802, -33.764484333050824 ], [ -71.019306327780157, -33.770653737267665 ], [ -71.015826871512076, -33.77217847359902 ], [ -71.005976969287545, -33.772530494934472 ], [ -70.997134409076509, -33.7784177471978 ], [ -70.995910539841859, -33.778373732980342 ], [ -70.993942973349775, -33.775916553595941 ], [ -70.992027220784976, -33.775692215198035 ], [ -70.987696339493979, -33.776783232582119 ], [ -70.983215405414541, -33.774685460272991 ], [ -70.981142890544447, -33.779685616799284 ], [ -70.980997285314999, -33.784233164665082 ], [ -70.981948850932525, -33.787509167374786 ], [ -70.981248750712496, -33.789714679825877 ], [ -70.982108877715561, -33.794454963392901 ], [ -70.980714291745997, -33.799491117776377 ], [ -70.983080606917966, -33.801205172662378 ], [ -70.983767550412367, -33.804358644514309 ], [ -70.983514812102115, -33.807972582184917 ], [ -70.984987819199361, -33.81567948482337 ], [ -70.986613378198157, -33.81894922697461 ], [ -70.98649925173288, -33.820810547799027 ], [ -70.987334254654087, -33.822576794222151 ], [ -70.986604927746285, -33.825688645144503 ], [ -70.98793820459602, -33.829282253602209 ], [ -70.987594016891549, -33.833091413793312 ], [ -70.988896434814635, -33.835571204878278 ], [ -70.98841491895773, -33.836947599112555 ], [ -70.986419022296545, -33.839017945335847 ], [ -70.981208826886331, -33.841168191912779 ], [ -70.980058919542245, -33.844333817187128 ], [ -70.981232121998261, -33.847782545394814 ], [ -70.979463232304312, -33.851693839157683 ], [ -70.980984289387791, -33.853068010918335 ], [ -70.981857110484142, -33.855813162382091 ], [ -70.980238956298237, -33.860076236769679 ], [ -70.978644065783243, -33.862042440016168 ], [ -70.979335506243956, -33.866867532095867 ], [ -70.977162621708842, -33.870486264690385 ], [ -70.976857603245705, -33.875211233805473 ], [ -70.97763722862291, -33.878160592880846 ], [ -70.977484919266502, -33.879619708693767 ], [ -70.97593707801451, -33.882353348743798 ], [ -70.975730910165225, -33.890284645394473 ], [ -70.974773350089791, -33.892897850642257 ], [ -70.975273421547215, -33.896464281325649 ], [ -70.974431954349228, -33.898387398361841 ], [ -70.974924729689903, -33.90209325836107 ], [ -70.97409417342935, -33.905548577067378 ], [ -70.972159625413852, -33.909382199115399 ], [ -70.968988088268972, -33.912900369969037 ], [ -70.966250757206566, -33.917820328193123 ], [ -70.973018127364568, -33.917438456627934 ], [ -70.977841129124414, -33.914897669750701 ], [ -70.992581535214185, -33.899552245909689 ], [ -70.997678218606808, -33.895240041257885 ], [ -71.001439477277813, -33.893641353800831 ], [ -71.003165453552327, -33.893715450084017 ], [ -71.006032809463917, -33.892457063219936 ], [ -71.016248864998261, -33.8900446087058 ], [ -71.019453938947649, -33.890125795983593 ], [ -71.023708098723489, -33.891741163200535 ], [ -71.02706840874049, -33.894647436374861 ], [ -71.029409858545392, -33.897962343038813 ], [ -71.031787879663852, -33.899196885771154 ], [ -71.041089800581915, -33.899203791700955 ], [ -71.047486913925923, -33.896454068244118 ], [ -71.053345637275726, -33.89549775168566 ], [ -71.056186229680037, -33.893574968415656 ], [ -71.057819797159596, -33.893208342361795 ], [ -71.060922300571519, -33.893762754482445 ], [ -71.06698741814607, -33.891059916146048 ], [ -71.069320360006927, -33.890697501400744 ], [ -71.074235154317421, -33.893728785603656 ], [ -71.08007903031222, -33.893014104250426 ], [ -71.084920393636466, -33.89400166370082 ], [ -71.086369589988777, -33.896070766241635 ], [ -71.088830037822746, -33.903776587405545 ], [ -71.088643181955447, -33.907816503235445 ], [ -71.091030722520955, -33.916745447176787 ], [ -71.093979736190164, -33.923416981502555 ], [ -71.094410070533769, -33.926151903985421 ], [ -71.096176914763817, -33.927329892443311 ], [ -71.098105842918883, -33.92982853161962 ], [ -71.098504045423098, -33.932648039677666 ], [ -71.105514567070642, -33.938055913731425 ], [ -71.109446669139032, -33.943460847189328 ], [ -71.115304030642861, -33.946398871724071 ], [ -71.124371255014864, -33.944301667952345 ], [ -71.128350660569481, -33.944449551037295 ], [ -71.131231443599617, -33.945819808350649 ], [ -71.133777095739958, -33.945818756111564 ], [ -71.139298689448481, -33.948447736348172 ], [ -71.143703456273286, -33.94928433408856 ], [ -71.149586413474523, -33.947121418127438 ], [ -71.157726421963105, -33.948705224769718 ], [ -71.1659153095829, -33.95403856266082 ], [ -71.165708153586792, -33.958650332449317 ], [ -71.166250921071367, -33.960996579534715 ], [ -71.173294551925324, -33.963892553597091 ], [ -71.177436294729873, -33.964090986455382 ], [ -71.180553777549179, -33.962842952945721 ], [ -71.182346340545806, -33.961284341933002 ], [ -71.183315676636283, -33.958881584927418 ], [ -71.184908439940685, -33.958471584392456 ], [ -71.186781224288822, -33.960060493010637 ], [ -71.190719789735695, -33.960116583149357 ], [ -71.194347841724806, -33.961459680578159 ], [ -71.202039850499688, -33.959949428764091 ], [ -71.207170010509699, -33.960667403782196 ], [ -71.211218692342385, -33.957381233827157 ], [ -71.21316703129412, -33.957441632468473 ], [ -71.219920562006891, -33.952930459476498 ], [ -71.222546881961421, -33.95264447134538 ], [ -71.225917722030189, -33.947976660220441 ], [ -71.226347650335256, -33.944703274026153 ], [ -71.225902367127034, -33.942993729731789 ], [ -71.229177682145121, -33.936875057442052 ], [ -71.234468940628247, -33.937828759606724 ], [ -71.235867075841526, -33.938757594726525 ], [ -71.239976691298253, -33.938301140234451 ], [ -71.244283388145178, -33.934453486012295 ], [ -71.248832912189798, -33.933320708149459 ], [ -71.252318515629369, -33.930919158393934 ], [ -71.25386331249085, -33.930890878614093 ], [ -71.255406033345736, -33.928620163957994 ], [ -71.257060087803652, -33.928398982609295 ], [ -71.259120632622569, -33.924067134215825 ], [ -71.260946705474254, -33.921695723383053 ], [ -71.262862592786348, -33.920563149300953 ], [ -71.262423134254405, -33.919092139656982 ], [ -71.266984468450076, -33.916288695795117 ], [ -71.271667822607427, -33.911622032331103 ], [ -71.273307471681449, -33.91087604459095 ], [ -71.27588393962931, -33.910923870277152 ], [ -71.277752253960585, -33.91232068666325 ], [ -71.280026149557798, -33.911753731233958 ], [ -71.285642926957209, -33.912079009266691 ], [ -71.290719627326325, -33.908102630752722 ], [ -71.290931915397636, -33.902295296314286 ], [ -71.288914551696081, -33.897466287019164 ], [ -71.288995788143865, -33.896224267993929 ], [ -71.292096134700785, -33.892349642173635 ], [ -71.293983831980967, -33.888068105592197 ], [ -71.299360523840903, -33.883769238289268 ], [ -71.300222843631573, -33.881797056206288 ], [ -71.300183592643549, -33.879695167037127 ], [ -71.297565711462795, -33.872304298471377 ], [ -71.298678291111855, -33.871210255196011 ], [ -71.299422532748324, -33.869025268984537 ], [ -71.29929244950867, -33.866308177361383 ], [ -71.300830306884578, -33.86394151298952 ], [ -71.305645626252115, -33.862229330234364 ], [ -71.308855771191261, -33.862503137069979 ], [ -71.310312466679591, -33.861378537893764 ], [ -71.313905930835318, -33.861024808282821 ], [ -71.31532633977605, -33.864910496168619 ], [ -71.31763565324998, -33.867825150445817 ], [ -71.320396415968261, -33.868393465302596 ], [ -71.324671157045572, -33.86573643458248 ], [ -71.330077240883298, -33.864727722589883 ], [ -71.341638680760795, -33.867132632084925 ], [ -71.343837072958365, -33.86804503149768 ], [ -71.345657421745059, -33.869775731123525 ], [ -71.350035986509653, -33.870932764851446 ], [ -71.35183864118018, -33.872670132019792 ], [ -71.351976596356693, -33.874951125398596 ], [ -71.348257649233858, -33.88117675671355 ], [ -71.349174155402494, -33.883306261376198 ], [ -71.353143182720629, -33.886188531917846 ], [ -71.354475875665429, -33.888882605926717 ], [ -71.358163448228638, -33.891913225351495 ], [ -71.364368918583182, -33.892249948479282 ], [ -71.36749935241393, -33.890507558744275 ], [ -71.371417681512384, -33.890738017932115 ], [ -71.373538409862078, -33.88927505500628 ], [ -71.377080226278864, -33.885013180000826 ], [ -71.380630639572914, -33.883083914630312 ], [ -71.38237792747924, -33.880092104016107 ], [ -71.384671601284069, -33.878234744376044 ], [ -71.386131465130404, -33.875200661672757 ], [ -71.386148803513692, -33.873768991131215 ], [ -71.387726919787397, -33.872927351245167 ], [ -71.389448636250819, -33.870472683129549 ], [ -71.389923134468745, -33.867588918788293 ], [ -71.392520624790862, -33.864341907495167 ], [ -71.394364150111883, -33.858676255922582 ], [ -71.395796856988852, -33.856739932672582 ], [ -71.399764945567512, -33.847311508934737 ], [ -71.401371843862904, -33.845881883544124 ], [ -71.402578249848446, -33.845682209905164 ], [ -71.405124167890108, -33.842674523569805 ], [ -71.408007047588129, -33.837417740606199 ], [ -71.407742341921661, -33.83613479471699 ], [ -71.409312865634575, -33.835054475181657 ], [ -71.408945907434273, -33.834202878645492 ], [ -71.41273624187609, -33.830741291280859 ], [ -71.412682628623301, -33.828833873827705 ], [ -71.420542531626495, -33.821714108054607 ], [ -71.421009688811921, -33.820035035402825 ], [ -71.420678998294576, -33.81641559996671 ], [ -71.423288564669065, -33.813692518787143 ], [ -71.422715251769901, -33.807549187570451 ], [ -71.421041916771046, -33.80495796180805 ], [ -71.421444529104974, -33.796934687838181 ], [ -71.423077246778263, -33.794040018406051 ], [ -71.430535263286274, -33.791030644593867 ], [ -71.433416698493303, -33.788858462165024 ], [ -71.428773304094747, -33.78911794124636 ], [ -71.425492205722861, -33.787394877793027 ], [ -71.421401723483356, -33.786739172890186 ], [ -71.418075449734161, -33.784894108361932 ], [ -71.413353838125502, -33.784180403003248 ], [ -71.408953093956526, -33.78517779726193 ], [ -71.408148460380147, -33.784177002130882 ], [ -71.409170828513425, -33.780213677774384 ], [ -71.407930023340711, -33.776268339297566 ], [ -71.401057997655471, -33.771392388029419 ], [ -71.399325700919249, -33.768606530776204 ], [ -71.397087842053324, -33.767039064291559 ], [ -71.393963164344456, -33.766825356970344 ] ] ] } },
{ "type": "Feature", "properties": { "Comuna": "San Pedro" }, "geometry": { "type": "Polygon", "coordinates": [ [ [ -71.56393320819403, -33.98675947237026 ], [ -71.566729546892518, -33.987102106380078 ], [ -71.570902584306594, -33.989080545470827 ], [ -71.569283017070759, -33.991229977761769 ], [ -71.569008280815837, -33.992853513029914 ], [ -71.569564881457453, -33.994582571196986 ], [ -71.575345085763246, -34.001024667688782 ], [ -71.573658134101294, -34.002123801113733 ], [ -71.571473813114309, -34.005045345595001 ], [ -71.572090590100188, -34.007056360453696 ], [ -71.575762492451588, -34.008070308690769 ], [ -71.577617023931467, -34.009929869908596 ], [ -71.58071588108163, -34.011545410061714 ], [ -71.580019619362815, -34.01534873658094 ], [ -71.577327229217431, -34.016407017921445 ], [ -71.575284984877456, -34.018472113980252 ], [ -71.575705284141037, -34.022567850743918 ], [ -71.577153691772523, -34.025273649959942 ], [ -71.580061013731097, -34.027083234326412 ], [ -71.58049380317037, -34.028989931451335 ], [ -71.587312502165403, -34.034077211510741 ], [ -71.587057563881032, -34.02868612085188 ], [ -71.588695864583812, -34.027423128978171 ], [ -71.596907370884153, -34.025306627521665 ], [ -71.598521286818539, -34.02179103072055 ], [ -71.602197893647102, -34.019356039936874 ], [ -71.603394101059209, -34.014498509415823 ], [ -71.603032891178415, -34.012434330878015 ], [ -71.605605600575117, -34.010168555977799 ], [ -71.610234913881584, -34.009108758196888 ], [ -71.614730500381611, -34.003414937321665 ], [ -71.623464338392125, -34.002471929490078 ], [ -71.630832386827791, -34.002423178168605 ], [ -71.640830936875673, -34.000853433664695 ], [ -71.647477828581046, -33.997652333961142 ], [ -71.656385981977465, -33.99580307300576 ], [ -71.659709536526321, -33.995908979790684 ], [ -71.663489473867031, -33.997860610411223 ], [ -71.666900053607336, -33.997344217458092 ], [ -71.667127072252683, -33.995414170540613 ], [ -71.666225758392144, -33.993882073055588 ], [ -71.666291791752059, -33.991464617682993 ], [ -71.667711873706011, -33.989371250253122 ], [ -71.66679173295374, -33.98709305719472 ], [ -71.666757520616144, -33.98373489451663 ], [ -71.665597880025985, -33.98057786144274 ], [ -71.665420512164715, -33.977163936095231 ], [ -71.671363110314303, -33.972674264600712 ], [ -71.679972809237384, -33.974313689026744 ], [ -71.683140637238438, -33.973832144810792 ], [ -71.686319632196827, -33.971464523489416 ], [ -71.690130283835416, -33.972838483361592 ], [ -71.692228651321059, -33.974929927759959 ], [ -71.695135963398158, -33.975160841720914 ], [ -71.69845797733629, -33.97284871336003 ], [ -71.699798842255248, -33.968281871121128 ], [ -71.708627720226175, -33.967911009249853 ], [ -71.711233444506206, -33.966966555430503 ], [ -71.711930181433814, -33.965999979974903 ], [ -71.707651300919693, -33.96084794361385 ], [ -71.709716119024407, -33.954797473774015 ], [ -71.712759025505434, -33.949104786894537 ], [ -71.71449182448454, -33.94833963621187 ], [ -71.714260112141829, -33.946211823137432 ], [ -71.713033075447484, -33.945427844668693 ], [ -71.712643025154478, -33.943957628129397 ], [ -71.710663414051083, -33.942904037485157 ], [ -71.710559336140577, -33.941427437512061 ], [ -71.708242732838116, -33.940572064032601 ], [ -71.706996470400057, -33.940981161110884 ], [ -71.703776753013216, -33.940527164477295 ], [ -71.701624244065414, -33.937616728172465 ], [ -71.701828933287729, -33.936848967812544 ], [ -71.698869804588412, -33.933765351466207 ], [ -71.694207028139289, -33.932913433103835 ], [ -71.693313243957448, -33.929975194363294 ], [ -71.691540453778543, -33.928201191020591 ], [ -71.685935180204666, -33.927393339369864 ], [ -71.683586267196375, -33.925488661741674 ], [ -71.680757107650678, -33.924691634360236 ], [ -71.674941399229937, -33.921717306356342 ], [ -71.669026906670652, -33.920152112905285 ], [ -71.580806934318829, -33.866880776336565 ], [ -71.576419183382157, -33.870046895738227 ], [ -71.575627118134889, -33.87182648015839 ], [ -71.573211748660214, -33.873841467553298 ], [ -71.569972412965882, -33.872549119745116 ], [ -71.56721583370188, -33.87326141951165 ], [ -71.565741843847732, -33.872435773183291 ], [ -71.563822667803365, -33.872878773315442 ], [ -71.562402952362049, -33.871850475930742 ], [ -71.560897177418184, -33.871982534602317 ], [ -71.560580216751646, -33.873500300373188 ], [ -71.556352302155148, -33.872278434459751 ], [ -71.55706686974284, -33.811797673022049 ], [ -71.555849733381223, -33.782861364332284 ], [ -71.55263381766467, -33.771294611924688 ], [ -71.550415861956836, -33.768659982626545 ], [ -71.548934698156813, -33.768079206548371 ], [ -71.547133103498311, -33.766188294728899 ], [ -71.540761136694073, -33.763968374102745 ], [ -71.536036488779757, -33.76411641515913 ], [ -71.531195477595105, -33.767596257750796 ], [ -71.52809982653217, -33.771267934018717 ], [ -71.527853786060675, -33.772892905466257 ], [ -71.524605865167189, -33.77639582732052 ], [ -71.521194265839029, -33.778331051555163 ], [ -71.518584871941087, -33.777549844510332 ], [ -71.514192713869605, -33.774104898273961 ], [ -71.511996059912093, -33.77437056672985 ], [ -71.506031002083773, -33.7734118819305 ], [ -71.505012291890338, -33.772745323125655 ], [ -71.504189973180928, -33.770749375437326 ], [ -71.50252360192215, -33.770046751185582 ], [ -71.494634508163813, -33.769617463815202 ], [ -71.489306690045225, -33.771369646197677 ], [ -71.486271032070221, -33.77413086368044 ], [ -71.480817861240254, -33.776646185268334 ], [ -71.478461436519567, -33.778509978589696 ], [ -71.476929344531143, -33.782467993290354 ], [ -71.475075594585562, -33.784444381217114 ], [ -71.466011244822454, -33.78617728085505 ], [ -71.463196555339366, -33.785798382399399 ], [ -71.460366890940477, -33.783672635955902 ], [ -71.458984215733253, -33.785060769712956 ], [ -71.449379360443473, -33.787069323253789 ], [ -71.443103118115914, -33.787184520386447 ], [ -71.441065215333722, -33.786645124170356 ], [ -71.433517269380928, -33.788617251988541 ], [ -71.430535263286274, -33.791030644593867 ], [ -71.423077246778263, -33.794040018406051 ], [ -71.421444529104974, -33.796934687838181 ], [ -71.421041916771046, -33.80495796180805 ], [ -71.422715251769901, -33.807549187570451 ], [ -71.423288564669065, -33.813692518787143 ], [ -71.420678998294576, -33.81641559996671 ], [ -71.421009688811921, -33.820035035402825 ], [ -71.420542531626495, -33.821714108054607 ], [ -71.412682628623301, -33.828833873827705 ], [ -71.41273624187609, -33.830741291280859 ], [ -71.408945907434273, -33.834202878645492 ], [ -71.409312865634575, -33.835054475181657 ], [ -71.407742341921661, -33.83613479471699 ], [ -71.408007047588129, -33.837417740606199 ], [ -71.405124167890108, -33.842674523569805 ], [ -71.402578249848446, -33.845682209905164 ], [ -71.401371843862904, -33.845881883544124 ], [ -71.399764945567512, -33.847311508934737 ], [ -71.395796856988852, -33.856739932672582 ], [ -71.394364150111883, -33.858676255922582 ], [ -71.392520624790862, -33.864341907495167 ], [ -71.389923134468745, -33.867588918788293 ], [ -71.389448636250819, -33.870472683129549 ], [ -71.387726919787397, -33.872927351245167 ], [ -71.386148803513692, -33.873768991131215 ], [ -71.386131465130404, -33.875200661672757 ], [ -71.384671601284069, -33.878234744376044 ], [ -71.38237792747924, -33.880092104016107 ], [ -71.379627933764581, -33.884057492099835 ], [ -71.377080226278864, -33.885013180000826 ], [ -71.373538409862078, -33.88927505500628 ], [ -71.371417681512384, -33.890738017932115 ], [ -71.36749935241393, -33.890507558744275 ], [ -71.364368918583182, -33.892249948479282 ], [ -71.358163448228638, -33.891913225351495 ], [ -71.354475875665429, -33.888882605926717 ], [ -71.353143182720629, -33.886188531917846 ], [ -71.349174155402494, -33.883306261376198 ], [ -71.348257649233858, -33.88117675671355 ], [ -71.351976596356693, -33.874951125398596 ], [ -71.35183864118018, -33.872670132019792 ], [ -71.350035986509653, -33.870932764851446 ], [ -71.345657421745059, -33.869775731123525 ], [ -71.343837072958365, -33.86804503149768 ], [ -71.341638680760795, -33.867132632084925 ], [ -71.328305137915578, -33.864761229355679 ], [ -71.324671157045572, -33.86573643458248 ], [ -71.320396415968261, -33.868393465302596 ], [ -71.31763565324998, -33.867825150445817 ], [ -71.31532633977605, -33.864910496168619 ], [ -71.313905930835318, -33.861024808282821 ], [ -71.310312466679591, -33.861378537893764 ], [ -71.308855771191261, -33.862503137069979 ], [ -71.305645626252115, -33.862229330234364 ], [ -71.300830306884578, -33.86394151298952 ], [ -71.29929244950867, -33.866308177361383 ], [ -71.299422532748324, -33.869025268984537 ], [ -71.298678291111855, -33.871210255196011 ], [ -71.297565711462795, -33.872304298471377 ], [ -71.300183592643549, -33.879695167037127 ], [ -71.300222843631573, -33.881797056206288 ], [ -71.299360523840903, -33.883769238289268 ], [ -71.293983831980967, -33.888068105592197 ], [ -71.292096134700785, -33.892349642173635 ], [ -71.288995788143865, -33.896224267993929 ], [ -71.288914551696081, -33.897466287019164 ], [ -71.290931915397636, -33.902295296314286 ], [ -71.290719627326325, -33.908102630752722 ], [ -71.285642926957209, -33.912079009266691 ], [ -71.280026149557798, -33.911753731233958 ], [ -71.277752253960585, -33.91232068666325 ], [ -71.27588393962931, -33.910923870277152 ], [ -71.273307471681449, -33.91087604459095 ], [ -71.271667822607427, -33.911622032331103 ], [ -71.266984468450076, -33.916288695795117 ], [ -71.262423134254405, -33.919092139656982 ], [ -71.262862592786348, -33.920563149300953 ], [ -71.260946705474254, -33.921695723383053 ], [ -71.259120632622569, -33.924067134215825 ], [ -71.257060087803652, -33.928398982609295 ], [ -71.255406033345736, -33.928620163957994 ], [ -71.25386331249085, -33.930890878614093 ], [ -71.252318515629369, -33.930919158393934 ], [ -71.248832912189798, -33.933320708149459 ], [ -71.244283388145178, -33.934453486012295 ], [ -71.239976691298253, -33.938301140234451 ], [ -71.235867075841526, -33.938757594726525 ], [ -71.234468940628247, -33.937828759606724 ], [ -71.229177682145121, -33.936875057442052 ], [ -71.225902367127034, -33.942993729731789 ], [ -71.226347650335256, -33.944703274026153 ], [ -71.225917722030189, -33.947976660220441 ], [ -71.222546881961421, -33.95264447134538 ], [ -71.219920562006891, -33.952930459476498 ], [ -71.21316703129412, -33.957441632468473 ], [ -71.211218692342385, -33.957381233827157 ], [ -71.207170010509699, -33.960667403782196 ], [ -71.207046512819375, -33.961599846178721 ], [ -71.209957706516818, -33.965614092649488 ], [ -71.211385019010507, -33.966487128708017 ], [ -71.211524690867506, -33.968063799709022 ], [ -71.214507970773241, -33.97282352649372 ], [ -71.214251411928089, -33.976136295618318 ], [ -71.212388715660609, -33.979643342461046 ], [ -71.209292727729434, -33.983202436456082 ], [ -71.207605695219115, -33.98662035677151 ], [ -71.207136769250923, -33.990636548111517 ], [ -71.208578731470269, -33.993234841464911 ], [ -71.217599299143032, -33.997376079047044 ], [ -71.220608919449532, -34.002083354697561 ], [ -71.224670594514507, -34.004061596127826 ], [ -71.225884349617374, -34.006663720583624 ], [ -71.229052517181628, -34.00951669833227 ], [ -71.231074335628648, -34.012342757210909 ], [ -71.233269247752844, -34.013018550663375 ], [ -71.23461763336735, -34.01418691339267 ], [ -71.240684551165728, -34.016127986356032 ], [ -71.248402676660888, -34.013315276439542 ], [ -71.259348475921357, -34.017742588043774 ], [ -71.263208642698416, -34.016383294432721 ], [ -71.267281982387345, -34.01874150902605 ], [ -71.270429275799344, -34.018587989895309 ], [ -71.273132416982037, -34.017356406975686 ], [ -71.276084143563409, -34.017076438861601 ], [ -71.278878400865366, -34.01789105598214 ], [ -71.281291128394813, -34.020568439379666 ], [ -71.287761999711833, -34.022854847041415 ], [ -71.290654638707096, -34.022955785309101 ], [ -71.294382201571807, -34.027109894108079 ], [ -71.299998378896589, -34.029577182712615 ], [ -71.30179920010562, -34.03262956905521 ], [ -71.303214805754521, -34.033672247316737 ], [ -71.303074143055781, -34.034667932351695 ], [ -71.305184310810986, -34.036163919888665 ], [ -71.30560810721596, -34.038365861590044 ], [ -71.311997941511194, -34.043887966229178 ], [ -71.31359087908875, -34.044098028837389 ], [ -71.31563476824401, -34.042929252395282 ], [ -71.317064560986196, -34.044206737404309 ], [ -71.320345951310543, -34.045571269098119 ], [ -71.323480213761016, -34.048882255912872 ], [ -71.328668814570136, -34.049019492851869 ], [ -71.331227932456599, -34.049898047536161 ], [ -71.334179086811133, -34.052464393848481 ], [ -71.339947169250465, -34.050332261743399 ], [ -71.341431384627512, -34.050847885062986 ], [ -71.344795127107204, -34.05436398289477 ], [ -71.347782508720528, -34.05607437819458 ], [ -71.34661823012857, -34.059269088505019 ], [ -71.347358890181994, -34.06257371858576 ], [ -71.351733519427327, -34.065062921922966 ], [ -71.35371095481112, -34.063710804286764 ], [ -71.358753821033375, -34.062934282149641 ], [ -71.365766099785617, -34.060533305953754 ], [ -71.371445106179692, -34.061103676901631 ], [ -71.381422612293704, -34.065442606581279 ], [ -71.382735533319106, -34.066773183175684 ], [ -71.386883252615263, -34.067919883383908 ], [ -71.390213501409605, -34.0759673196861 ], [ -71.394618254759664, -34.07379680492955 ], [ -71.395268418531387, -34.071512849448695 ], [ -71.399077584356505, -34.067772941429695 ], [ -71.404064418162918, -34.066950304369406 ], [ -71.40457530443804, -34.065762051290008 ], [ -71.410916701573157, -34.062782635734486 ], [ -71.414813385764845, -34.057695889766855 ], [ -71.415103882961418, -34.054905449038316 ], [ -71.41704315162373, -34.050335331218228 ], [ -71.415604379321962, -34.047599132408671 ], [ -71.416102147498989, -34.045957902342842 ], [ -71.414589460019016, -34.044722380854417 ], [ -71.413680752125373, -34.041201632794291 ], [ -71.412840226361794, -34.040356957938009 ], [ -71.412334460483805, -34.037874331712523 ], [ -71.413472354657571, -34.03576727565455 ], [ -71.41865030324405, -34.034079301893257 ], [ -71.420675121165814, -34.03254396162211 ], [ -71.422597357770329, -34.033140519921652 ], [ -71.425773681139049, -34.031899537234892 ], [ -71.429129734938229, -34.033147542284645 ], [ -71.430033899153159, -34.032404533152679 ], [ -71.431883794427861, -34.032808130633377 ], [ -71.435652987917791, -34.027126887304206 ], [ -71.436038987707164, -34.02539710021334 ], [ -71.438686298594959, -34.022806781972903 ], [ -71.443016011177761, -34.021950315768287 ], [ -71.443808444734287, -34.019215427526312 ], [ -71.445836430115747, -34.017815448293668 ], [ -71.447603807945072, -34.014925162419253 ], [ -71.449007597154733, -34.014534636395389 ], [ -71.450890792977006, -34.015675421376415 ], [ -71.454006533962968, -34.015290943491443 ], [ -71.458034789004415, -34.018070648543471 ], [ -71.460070345387081, -34.016942231348757 ], [ -71.461907335464417, -34.014594240889252 ], [ -71.468743016211576, -34.011307879817835 ], [ -71.47313651995934, -34.010694811953037 ], [ -71.474727651024878, -34.008277359196427 ], [ -71.476815044691023, -34.007298346055236 ], [ -71.480959585747684, -34.007006951236392 ], [ -71.489696249858071, -34.003656825316767 ], [ -71.492765025124342, -34.00096454725432 ], [ -71.49870401384311, -33.998278782360352 ], [ -71.500574110431913, -33.998283072877783 ], [ -71.503403479285069, -33.996982228125866 ], [ -71.510746820457172, -33.996034914106644 ], [ -71.514278897339665, -33.994802747863694 ], [ -71.517991648781972, -33.995192132020698 ], [ -71.519852969728746, -33.993393193231093 ], [ -71.523295726224205, -33.992497855498243 ], [ -71.52896542697026, -33.992203062002986 ], [ -71.531325757565796, -33.99327280000648 ], [ -71.533923814724886, -33.993540159785574 ], [ -71.551836288863882, -33.989239853894247 ], [ -71.554746538431957, -33.993144426109403 ], [ -71.562423945091922, -33.988493280730992 ], [ -71.56393320819403, -33.98675947237026 ] ] ] } },
{ "type": "Feature", "properties": { "Comuna": "Alhué" }, "geometry": { "type": "Polygon", "coordinates": [ [ [ -70.966250757206566, -33.917820328193123 ], [ -70.962534476283494, -33.920532058036287 ], [ -70.960151147918381, -33.923409199443874 ], [ -70.960530962807013, -33.930706425528541 ], [ -70.961732963454395, -33.934620267885904 ], [ -70.960789633591389, -33.937265346344972 ], [ -70.954995981505817, -33.941633987096999 ], [ -70.95498646924527, -33.944345660814108 ], [ -70.960600307357055, -33.951179855680863 ], [ -70.96105365653824, -33.954438446978706 ], [ -70.963092436076138, -33.956280389918341 ], [ -70.961739321729979, -33.960655474276805 ], [ -70.962921280963371, -33.962955826149795 ], [ -70.966225456156593, -33.966488200062336 ], [ -70.96630788197379, -33.967473005879299 ], [ -70.962881844922393, -33.970617643141232 ], [ -70.954853524871424, -33.972570139900903 ], [ -70.951150015296776, -33.971495296670547 ], [ -70.947766654509564, -33.972235875278628 ], [ -70.945872289933362, -33.974556105356456 ], [ -70.943944251110409, -33.975397798111615 ], [ -70.940740265919175, -33.975543822879274 ], [ -70.938482598387552, -33.977010894553864 ], [ -70.933292074285404, -33.977951434693829 ], [ -70.928930099607484, -33.97501387616088 ], [ -70.918583040958609, -33.97842031865116 ], [ -70.916398263627457, -33.979754296814804 ], [ -70.913226717499441, -33.97964883919272 ], [ -70.909571606457334, -33.977558521749629 ], [ -70.90808288513081, -33.977581548395719 ], [ -70.90587553313658, -33.978760939973505 ], [ -70.902487146275377, -33.983489518128209 ], [ -70.895275145086018, -33.988669003472914 ], [ -70.890576007529148, -33.986371197393467 ], [ -70.884105355401033, -33.985082430791699 ], [ -70.877754260054118, -33.981661946517782 ], [ -70.872534211921845, -33.979657696982471 ], [ -70.865706821726434, -33.974688963676094 ], [ -70.855464473402023, -33.970402147956591 ], [ -70.854765614653701, -33.968954961282563 ], [ -70.856339504353969, -33.967553054749523 ], [ -70.856727205552517, -33.966138085525721 ], [ -70.851263330397629, -33.959700977291689 ], [ -70.845708873621064, -33.956278819204925 ], [ -70.838453090341375, -33.954524235972627 ], [ -70.833372544284543, -33.951874481384181 ], [ -70.83036511856227, -33.952051770124591 ], [ -70.824943545074134, -33.953412741250332 ], [ -70.82402048839046, -33.956725873772264 ], [ -70.824885098885105, -33.961866250560639 ], [ -70.819528039705716, -33.965069961009249 ], [ -70.815044909245429, -33.966412121952729 ], [ -70.810138904949966, -33.971092002248767 ], [ -70.806252553180684, -33.971550378752148 ], [ -70.798097497012776, -33.974821260089989 ], [ -70.795826768875244, -33.98232049475692 ], [ -70.797427846087615, -33.985011220647209 ], [ -70.797548748545069, -33.988503551301399 ], [ -70.795614584110211, -33.990772483466266 ], [ -70.792269517605249, -33.992331606392902 ], [ -70.791918277227481, -33.994018362206738 ], [ -70.793170411952559, -33.995131791472232 ], [ -70.7932817392674, -33.999938989367315 ], [ -70.797711486443617, -34.00197818618021 ], [ -70.806283903485777, -34.007523724057471 ], [ -70.807001597210672, -34.009588899922015 ], [ -70.805893704072432, -34.011573711433066 ], [ -70.805613700995025, -34.014113820687584 ], [ -70.805882632336562, -34.017370889895666 ], [ -70.808123488795957, -34.020506119212747 ], [ -70.808615525721464, -34.022640192375825 ], [ -70.807617918750694, -34.024660330047432 ], [ -70.808827608078587, -34.025832268499784 ], [ -70.812270918834585, -34.026265102015032 ], [ -70.814001826859993, -34.031112690574922 ], [ -70.816122516582155, -34.034297765936792 ], [ -70.817716229405804, -34.035470510005169 ], [ -70.824634173375117, -34.035474162159041 ], [ -70.830904536229156, -34.032111212246626 ], [ -70.833230574537026, -34.032055270865939 ], [ -70.834683150351452, -34.032734315469391 ], [ -70.841524719555295, -34.032044092858875 ], [ -70.842972088734342, -34.031170921803131 ], [ -70.843847428706766, -34.029288781980263 ], [ -70.846799682599212, -34.028578985594301 ], [ -70.850326313894442, -34.029935283180293 ], [ -70.859963924454419, -34.030758024093174 ], [ -70.866008503846615, -34.03354571073114 ], [ -70.866616260848716, -34.034938273524119 ], [ -70.868548953843145, -34.036307816135746 ], [ -70.872118585694395, -34.037350064329466 ], [ -70.877005023784648, -34.037424310212053 ], [ -70.882835945174747, -34.039756799905959 ], [ -70.888155612878734, -34.038698001316583 ], [ -70.890826828834562, -34.044365479425927 ], [ -70.891899130721228, -34.049574570692641 ], [ -70.891738062790779, -34.050776728577915 ], [ -70.889437599519027, -34.052692928208984 ], [ -70.888793272101694, -34.054659134376799 ], [ -70.889122579213506, -34.059236572909832 ], [ -70.891256152573462, -34.062303365046041 ], [ -70.891866370061123, -34.066540590215176 ], [ -70.891208316386269, -34.067886754958778 ], [ -70.891356733342562, -34.07198793230954 ], [ -70.893693090598134, -34.076484860761738 ], [ -70.899665334050397, -34.079446380221739 ], [ -70.903801906152168, -34.077235181667 ], [ -70.906834636517672, -34.076949553933837 ], [ -70.910075646671672, -34.078282872437086 ], [ -70.912937013515261, -34.080576372824368 ], [ -70.916574626273928, -34.079136002675746 ], [ -70.917184700031157, -34.078219919079181 ], [ -70.919359762980818, -34.078042799869309 ], [ -70.933863198888545, -34.085734085794364 ], [ -70.937506881563607, -34.09037580438887 ], [ -70.937177774776089, -34.092760885989271 ], [ -70.938736729984797, -34.096153920170394 ], [ -70.938317072118352, -34.10113157660124 ], [ -70.941231400037807, -34.105209178436013 ], [ -70.938685988645958, -34.109241031093987 ], [ -70.93887968967573, -34.111918859559928 ], [ -70.938153032560948, -34.114049616395796 ], [ -70.935374732033367, -34.117579319982127 ], [ -70.935525396574505, -34.119151468837998 ], [ -70.934256574744708, -34.123895183671202 ], [ -70.932073046970118, -34.126267567423383 ], [ -70.929234791083857, -34.135187032627265 ], [ -70.927442652990365, -34.137123730934682 ], [ -70.916302139400486, -34.141831024075913 ], [ -70.914290402745891, -34.14472464736383 ], [ -70.914879526892364, -34.144446142348968 ], [ -70.916651212143492, -34.145450391865289 ], [ -70.921896968262544, -34.146742258124689 ], [ -70.933774952886608, -34.151458716103342 ], [ -70.938914122998895, -34.156568514203819 ], [ -70.943406837584945, -34.159680812484567 ], [ -70.949540806534444, -34.162722035488386 ], [ -70.95471599369975, -34.164273739520908 ], [ -70.958134919687367, -34.164390366700438 ], [ -70.966434736668333, -34.169772516486304 ], [ -70.968770406712693, -34.172033947826321 ], [ -70.977323933082729, -34.173198392042202 ], [ -70.981458239633369, -34.172423990174558 ], [ -70.985114183413742, -34.173224150391853 ], [ -70.994368922118156, -34.171283499309702 ], [ -71.00412398380827, -34.168020384968123 ], [ -71.00657935616087, -34.167888732561032 ], [ -71.011440606388874, -34.16881737087521 ], [ -71.014252433839488, -34.168611543575615 ], [ -71.023196244064493, -34.170627550584925 ], [ -71.026105364450274, -34.170271453420298 ], [ -71.026502522213775, -34.167581275732836 ], [ -71.028118884260692, -34.16618298926403 ], [ -71.032632089418399, -34.164828905336158 ], [ -71.035688467933738, -34.166211776377686 ], [ -71.0409369396599, -34.170792014101167 ], [ -71.043885628138995, -34.17229737922996 ], [ -71.047521552963261, -34.17131995409293 ], [ -71.052721777073842, -34.173465346356394 ], [ -71.053410136313119, -34.174411093570669 ], [ -71.053261103112547, -34.177884347694565 ], [ -71.056110502599893, -34.179377182957886 ], [ -71.063059379157707, -34.180190811560202 ], [ -71.064564216260422, -34.179593053805725 ], [ -71.066541253690545, -34.179805724810272 ], [ -71.071699836396107, -34.184165472247273 ], [ -71.078808678651498, -34.181411470498048 ], [ -71.083029617829823, -34.182628098861379 ], [ -71.086191453169633, -34.180475038368918 ], [ -71.088493974481707, -34.180722073338188 ], [ -71.089970705994119, -34.180076696524587 ], [ -71.091171667290709, -34.175237285502369 ], [ -71.097158533519163, -34.171270445180149 ], [ -71.09984814337875, -34.170938144661051 ], [ -71.105876262940001, -34.16634988674857 ], [ -71.111973391081378, -34.166865297705776 ], [ -71.113799822360861, -34.16645226843243 ], [ -71.11770275343703, -34.164142427645963 ], [ -71.122545919680036, -34.165013031182959 ], [ -71.125949792598433, -34.166632388213216 ], [ -71.135680102109205, -34.16631713653539 ], [ -71.138436234012204, -34.165126704264729 ], [ -71.141544975325459, -34.16543181456742 ], [ -71.143870570763909, -34.164887755216803 ], [ -71.147347624936913, -34.166108075827573 ], [ -71.154634438721459, -34.163737876493194 ], [ -71.16004303963858, -34.164263056901419 ], [ -71.165320189181912, -34.161879882494091 ], [ -71.167625920174473, -34.162268522306441 ], [ -71.175415797704645, -34.159411145995804 ], [ -71.178228038380283, -34.159408963559436 ], [ -71.181300052971451, -34.158352457773248 ], [ -71.184860433073595, -34.158432175642034 ], [ -71.187966734562536, -34.153998780167719 ], [ -71.191744262621683, -34.151494021220323 ], [ -71.197011802886379, -34.149395748657469 ], [ -71.202299857977209, -34.14473428268132 ], [ -71.202675216323755, -34.14302482931209 ], [ -71.205361008343374, -34.139314347892302 ], [ -71.204971038000437, -34.13573149225504 ], [ -71.211029979657397, -34.136181759619305 ], [ -71.21468678222719, -34.135591044661183 ], [ -71.216589355608448, -34.131548938304192 ], [ -71.218360912400485, -34.13127836108535 ], [ -71.22195361298823, -34.126060628060273 ], [ -71.225461353611351, -34.124184095334705 ], [ -71.228218314659344, -34.11993546932635 ], [ -71.230138979212114, -34.118803243051005 ], [ -71.231243209918915, -34.117160976130734 ], [ -71.231349986368528, -34.114678129512683 ], [ -71.230684274555884, -34.113354309129171 ], [ -71.232226363895094, -34.106551332324116 ], [ -71.234214044564709, -34.105799541121911 ], [ -71.243745293696733, -34.095320181551159 ], [ -71.248519895127373, -34.093706148551533 ], [ -71.252562288753083, -34.090435453041067 ], [ -71.25876428711905, -34.088603909505728 ], [ -71.267449690664364, -34.083630176770491 ], [ -71.269630943006348, -34.079058666108537 ], [ -71.269563863109127, -34.066281120699855 ], [ -71.270388167095305, -34.065356938507286 ], [ -71.266785169119473, -34.062984714057414 ], [ -71.26815588954689, -34.057682653619189 ], [ -71.270706338690843, -34.052375397643225 ], [ -71.280452380397179, -34.048412517931958 ], [ -71.282584567656656, -34.046703091984376 ], [ -71.285566175797641, -34.046743095107459 ], [ -71.288563880850205, -34.045255961256508 ], [ -71.29141912567512, -34.044868753155505 ], [ -71.298496219671748, -34.037389191228385 ], [ -71.29799291248267, -34.035728698881066 ], [ -71.299970694616164, -34.034689786669652 ], [ -71.299902457688873, -34.032162460546097 ], [ -71.300783163298476, -34.030399846695047 ], [ -71.299998378896589, -34.029577182712615 ], [ -71.294382201571807, -34.027109894108079 ], [ -71.290654638707096, -34.022955785309101 ], [ -71.287761999711833, -34.022854847041415 ], [ -71.281291128394813, -34.020568439379666 ], [ -71.278878400865366, -34.01789105598214 ], [ -71.276084143563409, -34.017076438861601 ], [ -71.273132416982037, -34.017356406975686 ], [ -71.270429275799344, -34.018587989895309 ], [ -71.267281982387345, -34.01874150902605 ], [ -71.263208642698416, -34.016383294432721 ], [ -71.259348475921357, -34.017742588043774 ], [ -71.248402676660888, -34.013315276439542 ], [ -71.240684551165728, -34.016127986356032 ], [ -71.23461763336735, -34.01418691339267 ], [ -71.233269247752844, -34.013018550663375 ], [ -71.231074335628648, -34.012342757210909 ], [ -71.229052517181628, -34.00951669833227 ], [ -71.225884349617374, -34.006663720583624 ], [ -71.224670594514507, -34.004061596127826 ], [ -71.220608919449532, -34.002083354697561 ], [ -71.217599299143032, -33.997376079047044 ], [ -71.208578731470269, -33.993234841464911 ], [ -71.207136769250923, -33.990636548111517 ], [ -71.207605695219115, -33.98662035677151 ], [ -71.209292727729434, -33.983202436456082 ], [ -71.212388715660609, -33.979643342461046 ], [ -71.214251411928089, -33.976136295618318 ], [ -71.214507970773241, -33.97282352649372 ], [ -71.211524690867506, -33.968063799709022 ], [ -71.211385019010507, -33.966487128708017 ], [ -71.209957706516818, -33.965614092649488 ], [ -71.207046512819375, -33.961599846178721 ], [ -71.207170010509699, -33.960667403782196 ], [ -71.202039850499688, -33.959949428764091 ], [ -71.194347841724806, -33.961459680578159 ], [ -71.190719789735695, -33.960116583149357 ], [ -71.186781224288822, -33.960060493010637 ], [ -71.184908439940685, -33.958471584392456 ], [ -71.183315676636283, -33.958881584927418 ], [ -71.182346340545806, -33.961284341933002 ], [ -71.180553777549179, -33.962842952945721 ], [ -71.177436294729873, -33.964090986455382 ], [ -71.173294551925324, -33.963892553597091 ], [ -71.166250921071367, -33.960996579534715 ], [ -71.165708153586792, -33.958650332449317 ], [ -71.1659153095829, -33.95403856266082 ], [ -71.157726421963105, -33.948705224769718 ], [ -71.149586413474523, -33.947121418127438 ], [ -71.143703456273286, -33.94928433408856 ], [ -71.139298689448481, -33.948447736348172 ], [ -71.133777095739958, -33.945818756111564 ], [ -71.131231443599617, -33.945819808350649 ], [ -71.128350660569481, -33.944449551037295 ], [ -71.124371255014864, -33.944301667952345 ], [ -71.115304030642861, -33.946398871724071 ], [ -71.109446669139032, -33.943460847189328 ], [ -71.105514567070642, -33.938055913731425 ], [ -71.098504045423098, -33.932648039677666 ], [ -71.098105842918883, -33.92982853161962 ], [ -71.096176914763817, -33.927329892443311 ], [ -71.094410070533769, -33.926151903985421 ], [ -71.093979736190164, -33.923416981502555 ], [ -71.091030722520955, -33.916745447176787 ], [ -71.088643181955447, -33.907816503235445 ], [ -71.088830037822746, -33.903776587405545 ], [ -71.086369589988777, -33.896070766241635 ], [ -71.084920393636466, -33.89400166370082 ], [ -71.08007903031222, -33.893014104250426 ], [ -71.074235154317421, -33.893728785603656 ], [ -71.069320360006927, -33.890697501400744 ], [ -71.06698741814607, -33.891059916146048 ], [ -71.060922300571519, -33.893762754482445 ], [ -71.057819797159596, -33.893208342361795 ], [ -71.056186229680037, -33.893574968415656 ], [ -71.053345637275726, -33.89549775168566 ], [ -71.047486913925923, -33.896454068244118 ], [ -71.041089800581915, -33.899203791700955 ], [ -71.031787879663852, -33.899196885771154 ], [ -71.029409858545392, -33.897962343038813 ], [ -71.02706840874049, -33.894647436374861 ], [ -71.023708098723489, -33.891741163200535 ], [ -71.019453938947649, -33.890125795983593 ], [ -71.016248864998261, -33.8900446087058 ], [ -71.006032809463917, -33.892457063219936 ], [ -71.003165453552327, -33.893715450084017 ], [ -71.001439477277813, -33.893641353800831 ], [ -70.997678218606808, -33.895240041257885 ], [ -70.992581535214185, -33.899552245909689 ], [ -70.977841129124414, -33.914897669750701 ], [ -70.973018127364568, -33.917438456627934 ], [ -70.966250757206566, -33.917820328193123 ] ] ] } }
]
}
